,aa_position,ref_aa,alt_aa,sources,phosphorylation_site,methylation_site,ubiquitination_site,cleavage_site,s-nitrosylation_site,acetylation_site,sumoyylation_site,glycosylation_site,glycosylation_subtype,disorder_propensity,linear_motif,structure,ptm_sources,cancer_study,cancer_type,genomic_coordinates,genomic_mutation,REVEL_score,cancer_site,cancer_histology,gnomad_exome_af,gnomad_genome_af,gnomad_popmax_exome_af,gnomad_popmax_genome_af,clinvar_variant_id,clinvar_germline_classification,clinvar_germline_condition,clinvar_germline_review_status,clinvar_oncogenicity_classification,clinvar_oncogenicity_condition,clinvar_oncogenicity_review_status,clinvar_clinical_impact_classification,clinvar_clinical_impact_condition,clinvar_clinical_impact_review_status
0,1,MRGKT,,ClinVar,,,,,,,,,,,,,,,,"hg19,17:56769992-56770018, hg38,17:58692631-58692657","hg19,17:g.56769992_56770018del, hg38,17:g.58692631_58692657del",,,,,,,,1098890,Pathogenic,"Breast-ovarian cancer, familial, susceptibility to, 3",1,,,,,,
1,2,R,,,,,,,,,,,,,,,,,,,,,,,,,,,,,,,,,,,,
2,3,G,,,,,,,,,,,,,,,,,,,,,,,,,,,,,,,,,,,,
3,4,K,,,,,,,,,,,,,,,,,,,,,,,,,,,,,,,,,,,,
4,5,T,,,,,,,,,,,,,,,,,,,,,,,,,,,,,,,,,,,,
5,6,FR,C,ClinVar,,,,,,,,,,,,,,,,"hg19,17:56770021-56770023, hg38,17:58692660-58692662","hg19,17:g.56770021_56770023del, hg38,17:g.58692660_58692662del",,,,,,,,3228948,Uncertain significance,Hereditary cancer-predisposing syndrome,1,,,,,,
6,7,R,,,,,,,,,,,,,,,,,,,,,,,,,,,,,,,,,,,,
7,8,F,,,,,,,,,,,,,,,,,,,,,,,,,,,,,,,,,,,,
8,9,E,,,,,,,,,,,,,,,,,,,,,,,,,,,,,,,,,,,,
9,10,M,,,,,,,,,,,,,,,,,,,,,,,,,,,,,,,,,,,,
10,11,Q,,,,,,,,,,,,,,,,,,,,,,,,,,,,,,,,,,,,
11,12,R,,,,,,,,,,,,,,,,,,,,,,,,,,,,,,,,,,,,
12,13,D,,,,,,,,,,,,,,,,,,,,,,,,,,,,,,,,,,,,
13,14,L,,,,,,,,,,,,,,,,,,,,,,,,,,,,,,,,,,,,
14,15,V,,,,,,,,,,,,,,,,,,,,,,,,,,,,,,,,,,,,
15,16,S,,,,,,,,,,,,,,,,,,,,,,,,,,,,,,,,,,,,
16,17,F,,,,,,,,,,,,,,,,,,,,,,,,,,,,,,,,,,,,
17,18,P,,,,,,,,,,,,,,,,,,,,,,,,,,,,,,,,,,,,
18,19,L,,,,,,,,,,,,,,,,,,,,,,,,,,,,,,,,,,,,
19,20,S,,,,,,,,,,,,,,,,,,,,,,,,,,,,,,,,,,,,
20,21,P,,,,,,,,,,,,,,,,,,,,,,,,,,,,,,,,,,,,
21,22,A,,,,,,,,,,,,,,,,,,,,,,,,,,,,,,,,,,,,
22,23,V,,,,,,,,,,,,,,,,,,,,,,,,,,,,,,,,,,,,
23,24,R,,,,,,,,,,,,,,,,,,,,,,,,,,,,,,,,,,,,
24,25,V,,,,,,,,,,,,,,,,,,,,,,,,,,,,,,,,,,,,
25,26,K,,,,,,,,,,,,,,,,,,,,,,,,,,,,,,,,,,,,
26,27,L,,,,,,,,,,,,,,,,,,,,,,,,,,,,,,,,,,,,
27,28,V,VWVKLVS,ClinVar,,,,,,,,,,,,,,,,"hg19,17:56770075-56770089, hg38,17:58692714-58692728","hg19,17:g.56770075_56770089dup, hg38,17:g.58692714_58692728dup",,,,,,,,826839,Uncertain significance,Fanconi anemia complementation group O;Hereditary cancer-predisposing syndrome,2,,,,,,
28,29,S,,,,,,,,,,,,,,,,,,,,,,,,,,,,,,,,,,,,
29,30,A,,,,,,,,,,,,,,,,,,,,,,,,,,,,,,,,,,,,
30,31,G,,,,,,,,,,,,,,,,,,,,,,,,,,,,,,,,,,,,
31,32,F,,,,,,,,,,,,,,,,,,,,,,,,,,,,,,,,,,,,
32,33,Q,,,,,,,,,,,,,,,,,,,,,,,,,,,,,,,,,,,,
33,34,T,,,,,,,,,,,,,,,,,,,,,,,,,,,,,,,,,,,,
34,35,A,,,,,,,,,,,,,,,,,,,,,,,,,,,,,,,,,,,,
35,36,E,,,,,,,,,,,,,,,,,,,,,,,,,,,,,,,,,,,,
36,37,E,,,,,,,,,,,,,,,,,,,,,,,,,,,,,,,,,,,,
37,38,L,PSV,COSMIC,,,,,,,,,,,,,,,,"hg38,17:58692755-58692756","hg38,17:g.58692755_58692756insCCTCAG",,"biliary_tract, bile_duct","carcinoma, adenocarcinoma",,,,,,,,,,,,,,
38,39,L,,,,,,,,,,,,,,,,,,,,,,,,,,,,,,,,,,,,
39,40,E,,,,,,,,,,,,,,,,,,,,,,,,,,,,,,,,,,,,
40,41,V,,,,,,,,,,,,,,,,,,,,,,,,,,,,,,,,,,,,
41,42,K,,,,,,,,,,,,,,,,,,,,,,,,,,,,,,,,,,,,
42,43,P,,,,,,,,,,,,,,,,,,,,,,,,,,,,,,,,,,,,
43,44,S,,,,,,,,,,,,,,,,,,,,,,,,,,,,,,,,,,,,
44,45,EL,,COSMIC,,,,,,,,,,,,,,,,"hg38,17:58692775-58692780","hg38,17:g.58692775_58692780del",,"biliary_tract, bile_duct","carcinoma, adenocarcinoma",,,,,,,,,,,,,,
45,46,L,,,,,,,,,,,,,,,,,,,,,,,,,,,,,,,,,,,,
46,47,S,,,,,,,,,,,,,,,,,,,,,,,,,,,,,,,,,,,,
47,48,K,,ClinVar,,,,,,,,,,,,,,,,"hg19,17:56770146-56770148, hg38,17:58692785-58692787","hg19,17:g.56770146_56770148del, hg38,17:g.58692785_58692787del",,,,,,,,2857521,Uncertain significance,Fanconi anemia complementation group O,1,,,,,,
48,49,E,,,,,,,,,,,,,,,,,,,,,,,,,,,,,,,,,,,,
49,50,V,,,,,,,,,,,,,,,,,,,,,,,,,,,,,,,,,,,,
50,51,G,,,,,,,,,,,,,,,,,,,,,,,,,,,,,,,,,,,,
51,52,I,,,,,,,,,,,,,,,,,,,,,,,,,,,,,,,,,,,,
52,53,S,,,,,,,,,,,,,,,,,,,,,,,,,,,,,,,,,,,,
53,54,K,,,,,,,,,,,,,,,,,,,,,,,,,,,,,,,,,,,,
54,55,A,,,,,,,,,,,,,,,,,,,,,,,,,,,,,,,,,,,,
55,56,E,,,,,,,,,,,,,,,,,,,,,,,,,,,,,,,,,,,,
56,57,A,,,,,,,,,,,,,,,,,,,,,,,,,,,,,,,,,,,,
57,58,L,,,,,,,,,,,,,,,,,,,,,,,,,,,,,,,,,,,,
58,59,E,,,,,,,,,,,,,,,,,,,,,,,,,,,,,,,,,,,,
59,60,T,,,,,,,,,,,,,,,,,,,,,,,,,,,,,,,,,,,,
60,61,LQI,,ClinVar,,,,,,,,,,,,,,,,"hg19,17:56772327-56772335, hg38,17:58694966-58694974","hg19,17:g.56772327_56772335del, hg38,17:g.58694966_58694974del",,,,,,,,2811155,Uncertain significance,Fanconi anemia complementation group O,1,,,,,,
61,62,Q,,,,,,,,,,,,,,,,,,,,,,,,,,,,,,,,,,,,
62,63,I,,,,,,,,,,,,,,,,,,,,,,,,,,,,,,,,,,,,
63,64,I,,ClinVar,,,,,,,,,,,,,,,,"hg19,17:56772335-56772337, hg38,17:58694974-58694976","hg19,17:g.56772335_56772337del, hg38,17:g.58694974_58694976del",,,,,,,,484737,Uncertain significance,Hereditary cancer-predisposing syndrome;Fanconi anemia complementation group O,2,,,,,,
64,65,R,,,,,,,,,,,,,,,,,,,,,,,,,,,,,,,,,,,,
65,66,R,,,,,,,,,,,,,,,,,,,,,,,,,,,,,,,,,,,,
66,67,E,,,,,,,,,,,,,,,,,,,,,,,,,,,,,,,,,,,,
67,68,C,,,,,,,,,,,,,,,,,,,,,,,,,,,,,,,,,,,,
68,69,L,,,,,,,,,,,,,,,,,,,,,,,,,,,,,,,,,,,,
69,70,T,,,,,,,,,,,,,,,,,,,,,,,,,,,,,,,,,,,,
70,71,N,,,,,,,,,,,,,,,,,,,,,,,,,,,,,,,,,,,,
71,72,K,,,,,,,,,,,,,,,,,,,,,,,,,,,,,,,,,,,,
72,73,P,,,,,,,,,,,,,,,,,,,,,,,,,,,,,,,,,,,,
73,74,R,,,,,,,,,,,,,,,,,,,,,,,,,,,,,,,,,,,,
74,75,Y,,,,,,,,,,,,,,,,,,,,,,,,,,,,,,,,,,,,
75,76,A,,,,,,,,,,,,,,,,,,,,,,,,,,,,,,,,,,,,
76,77,G,,,,,,,,,,,,,,,,,,,,,,,,,,,,,,,,,,,,
77,78,T,,,,,,,,,,,,,,,,,,,,,,,,,,,,,,,,,,,,
78,79,S,,,,,,,,,,,,,,,,,,,,,,,,,,,,,,,,,,,,
79,80,E,,,,,,,,,,,,,,,,,,,,,,,,,,,,,,,,,,,,
80,81,S,,,,,,,,,,,,,,,,,,,,,,,,,,,,,,,,,,,,
81,82,H,,,,,,,,,,,,,,,,,,,,,,,,,,,,,,,,,,,,
82,83,K,,,,,,,,,,,,,,,,,,,,,,,,,,,,,,,,,,,,
83,84,K,,ClinVar,,,,,,,,,,,,,,,,"hg19,17:56772393-56772393, hg38,17:58695032-58695032","hg19,17:g.56772393AAG[1], hg38,17:g.58695032AAG[1]",,,,,,,,3429709,Uncertain significance,Hereditary cancer-predisposing syndrome,1,,,,,,
84,85,C,,,,,,,,,,,,,,,,,,,,,,,,,,,,,,,,,,,,
85,86,T,,,,,,,,,,,,,,,,,,,,,,,,,,,,,,,,,,,,
86,87,A,,,,,,,,,,,,,,,,,,,,,,,,,,,,,,,,,,,,
87,88,L,,,,,,,,,,,,,,,,,,,,,,,,,,,,,,,,,,,,
88,89,E,,,,,,,,,,,,,,,,,,,,,,,,,,,,,,,,,,,,
89,90,L,,,,,,,,,,,,,,,,,,,,,,,,,,,,,,,,,,,,
90,91,L,,,,,,,,,,,,,,,,,,,,,,,,,,,,,,,,,,,,
91,92,E,,,,,,,,,,,,,,,,,,,,,,,,,,,,,,,,,,,,
92,93,Q,,,,,,,,,,,,,,,,,,,,,,,,,,,,,,,,,,,,
93,94,E,,,,,,,,,,,,,,,,,,,,,,,,,,,,,,,,,,,,
94,95,H,,,,,,,,,,,,,,,,,,,,,,,,,,,,,,,,,,,,
95,96,T,,,,,,,,,,,,,,,,,,,,,,,,,,,,,,,,,,,,
96,97,Q,,,,,,,,,,,,,,,,,,,,,,,,,,,,,,,,,,,,
97,98,G,,,,,,,,,,,,,,,,,,,,,,,,,,,,,,,,,,,,
98,99,F,,,,,,,,,,,,,,,,,,,,,,,,,,,,,,,,,,,,
99,100,I,,,,,,,,,,,,,,,,,,,,,,,,,,,,,,,,,,,,
100,101,I,,,,,,,,,,,,,,,,,,,,,,,,,,,,,,,,,,,,
101,102,T,,,,,,,,,,,,,,,,,,,,,,,,,,,,,,,,,,,,
102,103,F,,ClinVar,,,,,,,,,,,,,,,,"hg19,17:56772454-56772456, hg38,17:58695093-58695095","hg19,17:g.56772454_56772456del, hg38,17:g.58695093_58695095del",,,,,,,,420040,Uncertain significance,not provided;Hereditary cancer-predisposing syndrome;Fanconi anemia complementation group O,2,,,,,,
103,104,C,,,,,,,,,,,,,,,,,,,,,,,,,,,,,,,,,,,,
104,105,S,,,,,,,,,,,,,,,,,,,,,,,,,,,,,,,,,,,,
105,106,A,,,,,,,,,,,,,,,,,,,,,,,,,,,,,,,,,,,,
106,107,L,,,,,,,,,,,,,,,,,,,,,,,,,,,,,,,,,,,,
107,108,D,,,,,,,,,,,,,,,,,,,,,,,,,,,,,,,,,,,,
108,109,D,,,,,,,,,,,,,,,,,,,,,,,,,,,,,,,,,,,,
109,110,I,,,,,,,,,,,,,,,,,,,,,,,,,,,,,,,,,,,,
110,111,L,,,,,,,,,,,,,,,,,,,,,,,,,,,,,,,,,,,,
111,112,G,,,,,,,,,,,,,,,,,,,,,,,,,,,,,,,,,,,,
112,113,G,,,,,,,,,,,,,,,,,,,,,,,,,,,,,,,,,,,,
113,114,G,,,,,,,,,,,,,,,,,,,,,,,,,,,,,,,,,,,,
114,115,V,,,,,,,,,,,,,,,,,,,,,,,,,,,,,,,,,,,,
115,116,P,,,,,,,,,,,,,,,,,,,,,,,,,,,,,,,,,,,,
116,117,L,,,,,,,,,,,,,,,,,,,,,,,,,,,,,,,,,,,,
117,118,M,,,,,,,,,,,,,,,,,,,,,,,,,,,,,,,,,,,,
118,119,K,,,,,,,,,,,,,,,,,,,,,,,,,,,,,,,,,,,,
119,120,T,,,,,,,,,,,,,,,,,,,,,,,,,,,,,,,,,,,,
120,121,T,,ClinVar,,,,,,,,,,,,,,,,"hg19,17:56772504-56772504, hg38,17:58695143-58695143","hg19,17:g.56772504ACA[1], hg38,17:g.58695143ACA[1]",,,,,,,,480492,Conflicting classifications of pathogenicity,"Fanconi anemia complementation group O;Hereditary cancer-predisposing syndrome;Breast-ovarian cancer, familial, susceptibility to, 3",1,,,,,,
121,122,E,,,,,,,,,,,,,,,,,,,,,,,,,,,,,,,,,,,,
122,123,I,,,,,,,,,,,,,,,,,,,,,,,,,,,,,,,,,,,,
123,124,C,,,,,,,,,,,,,,,,,,,,,,,,,,,,,,,,,,,,
124,125,G,,,,,,,,,,,,,,,,,,,,,,,,,,,,,,,,,,,,
125,126,A,,,,,,,,,,,,,,,,,,,,,,,,,,,,,,,,,,,,
126,127,P,,,,,,,,,,,,,,,,,,,,,,,,,,,,,,,,,,,,
127,128,G,,,,,,,,,,,,,,,,,,,,,,,,,,,,,,,,,,,,
128,129,V,,,,,,,,,,,,,,,,,,,,,,,,,,,,,,,,,,,,
129,130,G,,,,,,,,,,,,,,,,,,,,,,,,,,,,,,,,,,,,
130,131,K,,,,,,,,,,,,,,,,,,,,,,,,,,,,,,,,,,,,
131,132,T,,,,,,,,,,,,,,,,,,,,,,,,,,,,,,,,,,,,
132,133,Q,,,,,,,,,,,,,,,,,,,,,,,,,,,,,,,,,,,,
133,134,L,,,,,,,,,,,,,,,,,,,,,,,,,,,,,,,,,,,,
134,135,C,,,,,,,,,,,,,,,,,,,,,,,,,,,,,,,,,,,,
135,136,M,,,,,,,,,,,,,,,,,,,,,,,,,,,,,,,,,,,,
136,137,Q,,,,,,,,,,,,,,,,,,,,,,,,,,,,,,,,,,,,
137,138,L,,,,,,,,,,,,,,,,,,,,,,,,,,,,,,,,,,,,
138,139,A,,,,,,,,,,,,,,,,,,,,,,,,,,,,,,,,,,,,
139,140,V,,,,,,,,,,,,,,,,,,,,,,,,,,,,,,,,,,,,
140,141,D,,,,,,,,,,,,,,,,,,,,,,,,,,,,,,,,,,,,
141,142,V,,,,,,,,,,,,,,,,,,,,,,,,,,,,,,,,,,,,
142,143,Q,,,,,,,,,,,,,,,,,,,,,,,,,,,,,,,,,,,,
143,144,I,,,,,,,,,,,,,,,,,,,,,,,,,,,,,,,,,,,,
144,145,P,,,,,,,,,,,,,,,,,,,,,,,,,,,,,,,,,,,,
145,146,E,,,,,,,,,,,,,,,,,,,,,,,,,,,,,,,,,,,,
146,147,C,,,,,,,,,,,,,,,,,,,,,,,,,,,,,,,,,,,,
147,148,F,,,,,,,,,,,,,,,,,,,,,,,,,,,,,,,,,,,,
148,149,G,,,,,,,,,,,,,,,,,,,,,,,,,,,,,,,,,,,,
149,150,G,,ClinVar,,,,,,,,,,,,,,,,"hg19,17:56774095-56774095, hg38,17:58696734-58696734","hg19,17:g.56774095GAG[1], hg38,17:g.58696734GAG[1]",,,,,,,,959940,Conflicting classifications of pathogenicity,"Breast-ovarian cancer, familial, susceptibility to, 3;Hereditary cancer-predisposing syndrome;Fanconi anemia complementation group O",1,,,,,,
150,151,V,,,,,,,,,,,,,,,,,,,,,,,,,,,,,,,,,,,,
151,152,A,,,,,,,,,,,,,,,,,,,,,,,,,,,,,,,,,,,,
152,153,G,,,,,,,,,,,,,,,,,,,,,,,,,,,,,,,,,,,,
153,154,E,,,,,,,,,,,,,,,,,,,,,,,,,,,,,,,,,,,,
154,155,A,,,,,,,,,,,,,,,,,,,,,,,,,,,,,,,,,,,,
155,156,V,,,,,,,,,,,,,,,,,,,,,,,,,,,,,,,,,,,,
156,157,F,,,,,,,,,,,,,,,,,,,,,,,,,,,,,,,,,,,,
157,158,I,,,,,,,,,,,,,,,,,,,,,,,,,,,,,,,,,,,,
158,159,DT,,ClinVar,,,,,,,,,,,,,,,,"hg19,17:56774126-56774131, hg38,17:58696765-58696770","hg19,17:g.56774126_56774131del, hg38,17:g.58696765_58696770del",,,,,,,,4729994,Uncertain significance,Fanconi anemia complementation group O,1,,,,,,
159,160,T,,,,,,,,,,,,,,,,,,,,,,,,,,,,,,,,,,,,
160,161,E,,,,,,,,,,,,,,,,,,,,,,,,,,,,,,,,,,,,
161,162,G,,,,,,,,,,,,,,,,,,,,,,,,,,,,,,,,,,,,
162,163,S,,,,,,,,,,,,,,,,,,,,,,,,,,,,,,,,,,,,
163,164,F,,,,,,,,,,,,,,,,,,,,,,,,,,,,,,,,,,,,
164,165,M,,,,,,,,,,,,,,,,,,,,,,,,,,,,,,,,,,,,
165,166,V,,,,,,,,,,,,,,,,,,,,,,,,,,,,,,,,,,,,
166,167,D,,ClinVar,,,,,,,,,,,,,,,,"hg19,17:56774148-56774150, hg38,17:58696787-58696789","hg19,17:g.56774148_56774150del, hg38,17:g.58696787_58696789del",,,,,,,,1364127,Uncertain significance,Fanconi anemia complementation group O,1,,,,,,
167,168,R,,,,,,,,,,,,,,,,,,,,,,,,,,,,,,,,,,,,
168,169,V,,,,,,,,,,,,,,,,,,,,,,,,,,,,,,,,,,,,
169,170,V,,,,,,,,,,,,,,,,,,,,,,,,,,,,,,,,,,,,
170,171,D,,,,,,,,,,,,,,,,,,,,,,,,,,,,,,,,,,,,
171,172,L,,,,,,,,,,,,,,,,,,,,,,,,,,,,,,,,,,,,
172,173,A,,,,,,,,,,,,,,,,,,,,,,,,,,,,,,,,,,,,
173,174,T,,,,,,,,,,,,,,,,,,,,,,,,,,,,,,,,,,,,
174,175,A,,,,,,,,,,,,,,,,,,,,,,,,,,,,,,,,,,,,
175,176,CIQHLQ,K,"COSMIC,cBioPortal",,,,,,,,,,,,,,"bladder_msk_2023, msk_impact_2017, msk_impact_50k_2026, msk_met_2021, paired_bladder_2022","Bladder/Urinary Tract, Mixed Cancer Types","hg19,17:56774175-56774190, hg38,17:58696814-58696829","hg19,17:g.56774175_56774190delinsA, hg38,17:g.58696814_58696829delinsA",,"urinary_tract, bladder","carcinoma, transitional_cell_carcinoma",,,,,,,,,,,,,,
176,177,I,,,,,,,,,,,,,,,,,,,,,,,,,,,,,,,,,,,,
177,178,Q,,,,,,,,,,,,,,,,,,,,,,,,,,,,,,,,,,,,
178,179,H,,,,,,,,,,,,,,,,,,,,,,,,,,,,,,,,,,,,
179,180,L,,,,,,,,,,,,,,,,,,,,,,,,,,,,,,,,,,,,
180,181,Q,QHLQL,ClinVar,,,,,,,,,,,,,,,,"hg19,17:56774185-56774193, hg38,17:58696824-58696832","hg19,17:g.56774185_56774193dup, hg38,17:g.58696824_58696832dup",,,,,,,,3312384,Uncertain significance,Hereditary cancer-predisposing syndrome,1,,,,,,
181,182,L,,,,,,,,,,,,,,,,,,,,,,,,,,,,,,,,,,,,
182,183,I,,,,,,,,,,,,,,,,,,,,,,,,,,,,,,,,,,,,
183,184,A,,cBioPortal,,,,,,,,,,,,,,es_dsrct_msk_2023,Ewing Sarcoma,"hg19,17:56774198-56774200","hg19,17:g.56774200_56774202del",,,,,,,,,,,,,,,,,
184,185,E,,,,,,,,,,,,,,,,,,,,,,,,,,,,,,,,,,,,
185,186,K,KKH,ClinVar,,,,,,,,,,,,,,,,"hg19,17:56774205-56774207, hg38,17:58696844-58696846","hg19,17:g.56774205_56774207dup, hg38,17:g.58696844_58696846dup",,,,,,,,482173,Uncertain significance,"Hereditary cancer-predisposing syndrome;not provided;Breast-ovarian cancer, familial, susceptibility to, 3;Fanconi anemia complementation group O",2,,,,,,
186,187,H,,,,,,,,,,,,,,,,,,,,,,,,,,,,,,,,,,,,
187,188,K,,,,,,,,,,,,,,,,,,,,,,,,,,,,,,,,,,,,
188,189,G,,,,,,,,,,,,,,,,,,,,,,,,,,,,,,,,,,,,
189,190,E,,,,,,,,,,,,,,,,,,,,,,,,,,,,,,,,,,,,
190,191,E,,,,,,,,,,,,,,,,,,,,,,,,,,,,,,,,,,,,
191,192,H,,,,,,,,,,,,,,,,,,,,,,,,,,,,,,,,,,,,
192,193,R,,,,,,,,,,,,,,,,,,,,,,,,,,,,,,,,,,,,
193,194,K,,,,,,,,,,,,,,,,,,,,,,,,,,,,,,,,,,,,
194,195,A,,,,,,,,,,,,,,,,,,,,,,,,,,,,,,,,,,,,
195,196,L,,,,,,,,,,,,,,,,,,,,,,,,,,,,,,,,,,,,
196,197,E,,,,,,,,,,,,,,,,,,,,,,,,,,,,,,,,,,,,
197,198,D,,,,,,,,,,,,,,,,,,,,,,,,,,,,,,,,,,,,
198,199,F,,,,,,,,,,,,,,,,,,,,,,,,,,,,,,,,,,,,
199,200,T,,,,,,,,,,,,,,,,,,,,,,,,,,,,,,,,,,,,
200,201,L,,,,,,,,,,,,,,,,,,,,,,,,,,,,,,,,,,,,
201,202,D,,,,,,,,,,,,,,,,,,,,,,,,,,,,,,,,,,,,
202,203,N,,,,,,,,,,,,,,,,,,,,,,,,,,,,,,,,,,,,
203,204,I,,,,,,,,,,,,,,,,,,,,,,,,,,,,,,,,,,,,
204,205,L,,,,,,,,,,,,,,,,,,,,,,,,,,,,,,,,,,,,
205,206,S,,,,,,,,,,,,,,,,,,,,,,,,,,,,,,,,,,,,
206,207,H,,,,,,,,,,,,,,,,,,,,,,,,,,,,,,,,,,,,
207,208,I,,,,,,,,,,,,,,,,,,,,,,,,,,,,,,,,,,,,
208,209,Y,,,,,,,,,,,,,,,,,,,,,,,,,,,,,,,,,,,,
209,210,Y,,,,,,,,,,,,,,,,,,,,,,,,,,,,,,,,,,,,
210,211,F,,,,,,,,,,,,,,,,,,,,,,,,,,,,,,,,,,,,
211,212,R,,,,,,,,,,,,,,,,,,,,,,,,,,,,,,,,,,,,
212,213,C,,,,,,,,,,,,,,,,,,,,,,,,,,,,,,,,,,,,
213,214,R,,,,,,,,,,,,,,,,,,,,,,,,,,,,,,,,,,,,
214,215,D,,,,,,,,,,,,,,,,,,,,,,,,,,,,,,,,,,,,
215,216,Y,,,,,,,,,,,,,,,,,,,,,,,,,,,,,,,,,,,,
216,217,T,,,,,,,,,,,,,,,,,,,,,,,,,,,,,,,,,,,,
217,218,E,,,,,,,,,,,,,,,,,,,,,,,,,,,,,,,,,,,,
218,219,L,,,,,,,,,,,,,,,,,,,,,,,,,,,,,,,,,,,,
219,220,L,,,,,,,,,,,,,,,,,,,,,,,,,,,,,,,,,,,,
220,221,A,,,,,,,,,,,,,,,,,,,,,,,,,,,,,,,,,,,,
221,222,QVYLLP,,ClinVar,,,,,,,,,,,,,,,,"hg19,17:56780649-56780666, hg38,17:58703288-58703305","hg19,17:g.56780649_56780666del, hg38,17:g.58703288_58703305del",,,,,,,,1754646,Uncertain significance,Hereditary cancer-predisposing syndrome,1,,,,,,
222,223,V,,,,,,,,,,,,,,,,,,,,,,,,,,,,,,,,,,,,
223,224,Y,,,,,,,,,,,,,,,,,,,,,,,,,,,,,,,,,,,,
224,225,L,,,,,,,,,,,,,,,,,,,,,,,,,,,,,,,,,,,,
225,226,L,,ClinVar,,,,,,,,,,,,,,,,"hg19,17:56780659-56780659, hg38,17:58703298-58703298","hg19,17:g.56780659TTC[1], hg38,17:g.58703298TTC[1]",,,,,,,,480503,Conflicting classifications of pathogenicity,"Hereditary cancer-predisposing syndrome;Fanconi anemia complementation group O;Breast-ovarian cancer, familial, susceptibility to, 3",1,,,,,,
226,227,P,,,,,,,,,,,,,,,,,,,,,,,,,,,,,,,,,,,,
227,228,D,,,,,,,,,,,,,,,,,,,,,,,,,,,,,,,,,,,,
228,229,F,,,,,,,,,,,,,,,,,,,,,,,,,,,,,,,,,,,,
229,230,L,,,,,,,,,,,,,,,,,,,,,,,,,,,,,,,,,,,,
230,231,S,,,,,,,,,,,,,,,,,,,,,,,,,,,,,,,,,,,,
231,232,E,,,,,,,,,,,,,,,,,,,,,,,,,,,,,,,,,,,,
232,233,H,,,,,,,,,,,,,,,,,,,,,,,,,,,,,,,,,,,,
233,234,S,,,,,,,,,,,,,,,,,,,,,,,,,,,,,,,,,,,,
234,235,K,,,,,,,,,,,,,,,,,,,,,,,,,,,,,,,,,,,,
235,236,V,,,,,,,,,,,,,,,,,,,,,,,,,,,,,,,,,,,,
236,237,R,,,,,,,,,,,,,,,,,,,,,,,,,,,,,,,,,,,,
237,238,L,,,,,,,,,,,,,,,,,,,,,,,,,,,,,,,,,,,,
238,239,V,,,,,,,,,,,,,,,,,,,,,,,,,,,,,,,,,,,,
239,240,I,,,,,,,,,,,,,,,,,,,,,,,,,,,,,,,,,,,,
240,241,V,,,,,,,,,,,,,,,,,,,,,,,,,,,,,,,,,,,,
241,242,D,,,,,,,,,,,,,,,,,,,,,,,,,,,,,,,,,,,,
242,243,G,,,,,,,,,,,,,,,,,,,,,,,,,,,,,,,,,,,,
243,244,I,,,,,,,,,,,,,,,,,,,,,,,,,,,,,,,,,,,,
244,245,A,,,,,,,,,,,,,,,,,,,,,,,,,,,,,,,,,,,,
245,246,F,,,,,,,,,,,,,,,,,,,,,,,,,,,,,,,,,,,,
246,247,P,,,,,,,,,,,,,,,,,,,,,,,,,,,,,,,,,,,,
247,248,F,,,,,,,,,,,,,,,,,,,,,,,,,,,,,,,,,,,,
248,249,R,,,,,,,,,,,,,,,,,,,,,,,,,,,,,,,,,,,,
249,250,H,,,,,,,,,,,,,,,,,,,,,,,,,,,,,,,,,,,,
250,251,D,,,,,,,,,,,,,,,,,,,,,,,,,,,,,,,,,,,,
251,252,L,,,,,,,,,,,,,,,,,,,,,,,,,,,,,,,,,,,,
252,253,D,,,,,,,,,,,,,,,,,,,,,,,,,,,,,,,,,,,,
253,254,D,,,,,,,,,,,,,,,,,,,,,,,,,,,,,,,,,,,,
254,255,L,,,,,,,,,,,,,,,,,,,,,,,,,,,,,,,,,,,,
255,256,S,,,,,,,,,,,,,,,,,,,,,,,,,,,,,,,,,,,,
256,257,L,,,,,,,,,,,,,,,,,,,,,,,,,,,,,,,,,,,,
257,258,R,,,,,,,,,,,,,,,,,,,,,,,,,,,,,,,,,,,,
258,259,T,,,,,,,,,,,,,,,,,,,,,,,,,,,,,,,,,,,,
259,260,R,,,,,,,,,,,,,,,,,,,,,,,,,,,,,,,,,,,,
260,261,L,,,,,,,,,,,,,,,,,,,,,,,,,,,,,,,,,,,,
261,262,L,,,,,,,,,,,,,,,,,,,,,,,,,,,,,,,,,,,,
262,263,N,,,,,,,,,,,,,,,,,,,,,,,,,,,,,,,,,,,,
263,264,G,,,,,,,,,,,,,,,,,,,,,,,,,,,,,,,,,,,,
264,265,L,,,,,,,,,,,,,,,,,,,,,,,,,,,,,,,,,,,,
265,266,A,,,,,,,,,,,,,,,,,,,,,,,,,,,,,,,,,,,,
266,267,Q,,,,,,,,,,,,,,,,,,,,,,,,,,,,,,,,,,,,
267,268,Q,,,,,,,,,,,,,,,,,,,,,,,,,,,,,,,,,,,,
268,269,M,,,,,,,,,,,,,,,,,,,,,,,,,,,,,,,,,,,,
269,270,I,,,,,,,,,,,,,,,,,,,,,,,,,,,,,,,,,,,,
270,271,S,,,,,,,,,,,,,,,,,,,,,,,,,,,,,,,,,,,,
271,272,L,,,,,,,,,,,,,,,,,,,,,,,,,,,,,,,,,,,,
272,273,A,,,,,,,,,,,,,,,,,,,,,,,,,,,,,,,,,,,,
273,274,N,,,,,,,,,,,,,,,,,,,,,,,,,,,,,,,,,,,,
274,275,N,,,,,,,,,,,,,,,,,,,,,,,,,,,,,,,,,,,,
275,276,H,,,,,,,,,,,,,,,,,,,,,,,,,,,,,,,,,,,,
276,277,R,,,,,,,,,,,,,,,,,,,,,,,,,,,,,,,,,,,,
277,278,L,,,,,,,,,,,,,,,,,,,,,,,,,,,,,,,,,,,,
278,279,A,,,,,,,,,,,,,,,,,,,,,,,,,,,,,,,,,,,,
279,280,V,,,,,,,,,,,,,,,,,,,,,,,,,,,,,,,,,,,,
280,281,I,,,,,,,,,,,,,,,,,,,,,,,,,,,,,,,,,,,,
281,282,L,,,,,,,,,,,,,,,,,,,,,,,,,,,,,,,,,,,,
282,283,T,,,,,,,,,,,,,,,,,,,,,,,,,,,,,,,,,,,,
283,284,N,,,,,,,,,,,,,,,,,,,,,,,,,,,,,,,,,,,,
284,285,Q,,,,,,,,,,,,,,,,,,,,,,,,,,,,,,,,,,,,
285,286,M,,,,,,,,,,,,,,,,,,,,,,,,,,,,,,,,,,,,
286,287,T,,,,,,,,,,,,,,,,,,,,,,,,,,,,,,,,,,,,
287,288,T,,,,,,,,,,,,,,,,,,,,,,,,,,,,,,,,,,,,
288,289,K,,,,,,,,,,,,,,,,,,,,,,,,,,,,,,,,,,,,
289,290,I,,,,,,,,,,,,,,,,,,,,,,,,,,,,,,,,,,,,
290,291,D,,,,,,,,,,,,,,,,,,,,,,,,,,,,,,,,,,,,
291,292,R,,,,,,,,,,,,,,,,,,,,,,,,,,,,,,,,,,,,
292,293,N,,,,,,,,,,,,,,,,,,,,,,,,,,,,,,,,,,,,
293,294,Q,,,,,,,,,,,,,,,,,,,,,,,,,,,,,,,,,,,,
294,295,A,,,,,,,,,,,,,,,,,,,,,,,,,,,,,,,,,,,,
295,296,L,,,,,,,,,,,,,,,,,,,,,,,,,,,,,,,,,,,,
296,297,L,,,,,,,,,,,,,,,,,,,,,,,,,,,,,,,,,,,,
297,298,V,,,,,,,,,,,,,,,,,,,,,,,,,,,,,,,,,,,,
298,299,P,,,,,,,,,,,,,,,,,,,,,,,,,,,,,,,,,,,,
299,300,A,,,,,,,,,,,,,,,,,,,,,,,,,,,,,,,,,,,,
300,301,L,,,,,,,,,,,,,,,,,,,,,,,,,,,,,,,,,,,,
301,302,G,,,,,,,,,,,,,,,,,,,,,,,,,,,,,,,,,,,,
302,303,E,,,,,,,,,,,,,,,,,,,,,,,,,,,,,,,,,,,,
303,304,S,,,,,,,,,,,,,,,,,,,,,,,,,,,,,,,,,,,,
304,305,W,,,,,,,,,,,,,,,,,,,,,,,,,,,,,,,,,,,,
305,306,G,,,,,,,,,,,,,,,,,,,,,,,,,,,,,,,,,,,,
306,307,H,,,,,,,,,,,,,,,,,,,,,,,,,,,,,,,,,,,,
307,308,A,,,,,,,,,,,,,,,,,,,,,,,,,,,,,,,,,,,,
308,309,A,,,,,,,,,,,,,,,,,,,,,,,,,,,,,,,,,,,,
309,310,T,,,,,,,,,,,,,,,,,,,,,,,,,,,,,,,,,,,,
310,311,I,,,,,,,,,,,,,,,,,,,,,,,,,,,,,,,,,,,,
311,312,R,,,,,,,,,,,,,,,,,,,,,,,,,,,,,,,,,,,,
312,313,L,,,,,,,,,,,,,,,,,,,,,,,,,,,,,,,,,,,,
313,314,I,,ClinVar,,,,,,,,,,,,,,,,"hg19,17:56801435-56801437, hg38,17:58724074-58724076","hg19,17:g.56801435_56801437del, hg38,17:g.58724074_58724076del",,,,,,,,921184,Uncertain significance,Hereditary cancer-predisposing syndrome,1,,,,,,
314,315,F,,,,,,,,,,,,,,,,,,,,,,,,,,,,,,,,,,,,
315,316,H,,,,,,,,,,,,,,,,,,,,,,,,,,,,,,,,,,,,
316,317,W,,,,,,,,,,,,,,,,,,,,,,,,,,,,,,,,,,,,
317,318,D,,,,,,,,,,,,,,,,,,,,,,,,,,,,,,,,,,,,
318,319,R,,,,,,,,,,,,,,,,,,,,,,,,,,,,,,,,,,,,
319,320,K,,,,,,,,,,,,,,,,,,,,,,,,,,,,,,,,,,,,
320,321,Q,,,,,,,,,,,,,,,,,,,,,,,,,,,,,,,,,,,,
321,322,R,,,,,,,,,,,,,,,,,,,,,,,,,,,,,,,,,,,,
322,323,L,,,,,,,,,,,,,,,,,,,,,,,,,,,,,,,,,,,,
323,324,A,,,,,,,,,,,,,,,,,,,,,,,,,,,,,,,,,,,,
324,325,T,,,,,,,,,,,,,,,,,,,,,,,,,,,,,,,,,,,,
325,326,L,,ClinVar,,,,,,,,,,,,,,,,"hg19,17:56809856-56809858, hg38,17:58732495-58732497","hg19,17:g.56809856_56809858del, hg38,17:g.58732495_58732497del",,,,,,,,1392077,Uncertain significance,Fanconi anemia complementation group O;Hereditary cancer-predisposing syndrome,2,,,,,,
326,327,Y,,,,,,,,,,,,,,,,,,,,,,,,,,,,,,,,,,,,
327,328,K,,,,,,,,,,,,,,,,,,,,,,,,,,,,,,,,,,,,
328,329,S,,,,,,,,,,,,,,,,,,,,,,,,,,,,,,,,,,,,
329,330,P,,,,,,,,,,,,,,,,,,,,,,,,,,,,,,,,,,,,
330,331,S,,,,,,,,,,,,,,,,,,,,,,,,,,,,,,,,,,,,
331,332,Q,,,,,,,,,,,,,,,,,,,,,,,,,,,,,,,,,,,,
332,333,K,,,,,,,,,,,,,,,,,,,,,,,,,,,,,,,,,,,,
333,334,E,,ClinVar,,,,,,,,,,,,,,,,"hg19,17:56809879-56809881, hg38,17:58732518-58732520","hg19,17:g.56809879_56809881del, hg38,17:g.58732518_58732520del",,,,,,,,2166798,Uncertain significance,Fanconi anemia complementation group O,1,,,,,,
334,335,C,,,,,,,,,,,,,,,,,,,,,,,,,,,,,,,,,,,,
335,336,T,,,,,,,,,,,,,,,,,,,,,,,,,,,,,,,,,,,,
336,337,V,,,,,,,,,,,,,,,,,,,,,,,,,,,,,,,,,,,,
337,338,LFQIK,Q,ClinVar,,,,,,,,,,,,,,,,"hg19,17:56809892-56809903, hg38,17:58732531-58732542","hg19,17:g.56809892_56809903del, hg38,17:g.58732531_58732542del",,,,0.0000039777247414,,0.0000289117613045,,492360,Uncertain significance,Hereditary cancer-predisposing syndrome;Fanconi anemia complementation group O,2,,,,,,
338,339,F,,,,,,,,,,,,,,,,,,,,,,,,,,,,,,,,,,,,
339,340,Q,,,,,,,,,,,,,,,,,,,,,,,,,,,,,,,,,,,,
340,341,I,,,,,,,,,,,,,,,,,,,,,,,,,,,,,,,,,,,,
341,342,K,,,,,,,,,,,,,,,,,,,,,,,,,,,,,,,,,,,,
342,343,P,,,,,,,,,,,,,,,,,,,,,,,,,,,,,,,,,,,,
343,344,Q,,,,,,,,,,,,,,,,,,,,,,,,,,,,,,,,,,,,
344,345,G,,,,,,,,,,,,,,,,,,,,,,,,,,,,,,,,,,,,
345,346,F,,,,,,,,,,,,,,,,,,,,,,,,,,,,,,,,,,,,
346,347,R,,,,,,,,,,,,,,,,,,,,,,,,,,,,,,,,,,,,
347,348,D,,,,,,,,,,,,,,,,,,,,,,,,,,,,,,,,,,,,
348,349,T,,,,,,,,,,,,,,,,,,,,,,,,,,,,,,,,,,,,
349,350,V,,,,,,,,,,,,,,,,,,,,,,,,,,,,,,,,,,,,
350,351,V,VVT,ClinVar,,,,,,,,,,,,,,,,"hg19,17:56811500-56811500, hg38,17:58734139-58734139","hg19,17:g.56811500GTT[3], hg38,17:g.58734139GTT[3]",,,,,,,,1006831,Uncertain significance,Fanconi anemia complementation group O,1,,,,,,
351,352,T,,,,,,,,,,,,,,,,,,,,,,,,,,,,,,,,,,,,
352,353,S,,,,,,,,,,,,,,,,,,,,,,,,,,,,,,,,,,,,
353,354,A,,,,,,,,,,,,,,,,,,,,,,,,,,,,,,,,,,,,
354,355,C,,,,,,,,,,,,,,,,,,,,,,,,,,,,,,,,,,,,
355,356,S,,,,,,,,,,,,,,,,,,,,,,,,,,,,,,,,,,,,
356,357,L,,,,,,,,,,,,,,,,,,,,,,,,,,,,,,,,,,,,
357,358,Q,,,,,,,,,,,,,,,,,,,,,,,,,,,,,,,,,,,,
358,359,T,,,,,,,,,,,,,,,,,,,,,,,,,,,,,,,,,,,,
359,360,E,,,,,,,,,,,,,,,,,,,,,,,,,,,,,,,,,,,,
360,361,G,,,,,,,,,,,,,,,,,,,,,,,,,,,,,,,,,,,,
361,362,S,,,,,,,,,,,,,,,,,,,,,,,,,,,,,,,,,,,,
362,363,L,,,,,,,,,,,,,,,,,,,,,,,,,,,,,,,,,,,,
363,364,S,,,,,,,,,,,,,,,,,,,,,,,,,,,,,,,,,,,,
364,365,T,,,,,,,,,,,,,,,,,,,,,,,,,,,,,,,,,,,,
365,366,R,,,,,,,,,,,,,,,,,,,,,,,,,,,,,,,,,,,,
366,367,K,,,,,,,,,,,,,,,,,,,,,,,,,,,,,,,,,,,,
367,368,R,,,,,,,,,,,,,,,,,,,,,,,,,,,,,,,,,,,,
368,369,S,,,,,,,,,,,,,,,,,,,,,,,,,,,,,,,,,,,,
369,370,R,,,,,,,,,,,,,,,,,,,,,,,,,,,,,,,,,,,,
370,371,D,,,,,,,,,,,,,,,,,,,,,,,,,,,,,,,,,,,,
371,372,P,,,,,,,,,,,,,,,,,,,,,,,,,,,,,,,,,,,,
372,373,E,,,,,,,,,,,,,,,,,,,,,,,,,,,,,,,,,,,,
373,374,E,,,,,,,,,,,,,,,,,,,,,,,,,,,,,,,,,,,,
374,375,E,,,,,,,,,,,,,,,,,,,,,,,,,,,,,,,,,,,,
375,376,L,,ClinVar,,,,,,,,,,,,,,,,"hg19,17:56811579-56811581, hg38,17:58734218-58734220","hg19,17:g.56811579_56811581del, hg38,17:g.58734218_58734220del",,,,,,,,490119,Uncertain significance,Hereditary cancer-predisposing syndrome;not provided;Fanconi anemia complementation group O,2,,,,,,
