,aa_position,ref_aa,alt_aa,phosphorylation_site,methylation_site,ubiquitination_site,cleavage_site,s-nitrosylation_site,acetylation_site,sumoyylation_site,ogalnac_site,oglcnac_site,disorder_propensity,linear_motif,structure,sources,cancer_study,cancer_type,genomic_coordinates,genomic_mutation,REVEL_score,cancer_site,cancer_histology,gnomad_exome_af,gnomad_genome_af,gnomad_popmax_exome_af,gnomad_popmax_genome_af,clinvar_classification,clinvar_condition,clinvar_review_status,clinvar_variant_id
0,1,M,,,,,,,,,,,,,,,,,,,,,,,,,,,,,
1,2,P,R,,,,,,,,,,,,,ClinVar,,,"hg19,16:87426038-87426038, hg38,16:87392432-87392432","hg19,16:g.87426038C>G, hg38,16:g.87392432C>G",0.145,,,0.0000000000000000,,,,Uncertain significance,not specified,1,2358122
2,3,S,,,,,,,,,,,,,,,,,,,,,,,,,,,,,
3,4,E,,,,,,,,,,,,,,,,,,,,,,,,,,,,,
4,5,K,,,,Ubq,,,,,,,,"PCSK cleavage site (CLV_PCSK_SKI1_1), 5-9, ELM",,,,,,,,,,,,,,,,,
5,6,T,,P,,,,,,,,,,"PCSK cleavage site (CLV_PCSK_SKI1_1), 5-9, ELM",,,,,,,,,,,,,,,,,
6,7,F,,,,,,,,,,,,"PCSK cleavage site (CLV_PCSK_SKI1_1), 5-9, ELM",,,,,,,,,,,,,,,,,
7,8,K,,,,,,,,,,,,"PCSK cleavage site (CLV_PCSK_SKI1_1), 5-9, ELM",,,,,,,,,,,,,,,,,
8,9,Q,,,,,,,,,,,,"PCSK cleavage site (CLV_PCSK_SKI1_1), 5-9, ELM",,,,,,,,,,,,,,,,,
9,10,R,,,,,,,,,,,,"NRD cleavage site (CLV_NRD_NRD_1), 10-12, ELM|14-3-3 binding phosphopeptide motif (LIG_14-3-3_CanoR_1), 10-14, ELM",,,,,,,,,,,,,,,,,
10,11,R,L,,,,,,,,,,,"NRD cleavage site (CLV_NRD_NRD_1), 10-12, ELM|14-3-3 binding phosphopeptide motif (LIG_14-3-3_CanoR_1), 10-14, ELM",,ClinVar,,,"hg19,16:87426065-87426065, hg38,16:87392459-87392459","hg19,16:g.87426065G>T, hg38,16:g.87392459G>T",0.226,,,0.0000000000000000,,,,Uncertain significance,not specified,1,2226367
11,12,T,,P,,,,,,,,,,"NRD cleavage site (CLV_NRD_NRD_1), 10-12, ELM|14-3-3 binding phosphopeptide motif (LIG_14-3-3_CanoR_1), 10-14, ELM",,,,,,,,,,,,,,,,,
12,13,F,,,,,,,,,,,,"14-3-3 binding phosphopeptide motif (LIG_14-3-3_CanoR_1), 10-14, ELM",,,,,,,,,,,,,,,,,
13,14,E,,,,,,,,,,,,"14-3-3 binding phosphopeptide motif (LIG_14-3-3_CanoR_1), 10-14, ELM",,,,,,,,,,,,,,,,,
14,15,Q,R,,,,,,,,,,,,,ClinVar,,,"hg19,16:87432424-87432424, hg38,16:87398818-87398818","hg19,16:g.87432424A>G, hg38,16:g.87398818A>G",0.193,,,0.0000079532982328,,,,Uncertain significance,not specified,1,3542641
15,16,R,,,,,,,,,,,,,,,,,,,,,,,,,,,,,
16,17,V,,,,,,,,,,,,,,,,,,,,,,,,,,,,,
17,18,E,,,,,,,,,,,,"Adaptin binding Endosome-Lysosome-Basolateral sorting signals (TRG_DiLeu_BaEn_1), 18-23, ELM|Adaptin binding Endosome-Lysosome-Basolateral sorting signals (TRG_DiLeu_LyEn_5), 18-23, ELM",,,,,,,,,,,,,,,,,
18,19,D,,,,,,,,,,,,"Adaptin binding Endosome-Lysosome-Basolateral sorting signals (TRG_DiLeu_BaEn_1), 18-23, ELM|Adaptin binding Endosome-Lysosome-Basolateral sorting signals (TRG_DiLeu_LyEn_5), 18-23, ELM",,,,,,,,,,,,,,,,,
19,20,V,,,,,,,,,,,,"Adaptin binding Endosome-Lysosome-Basolateral sorting signals (TRG_DiLeu_BaEn_1), 18-23, ELM|Adaptin binding Endosome-Lysosome-Basolateral sorting signals (TRG_DiLeu_LyEn_5), 18-23, ELM",,,,,,,,,,,,,,,,,
20,21,R,,,Me,,,,,,,,,"Adaptin binding Endosome-Lysosome-Basolateral sorting signals (TRG_DiLeu_BaEn_1), 18-23, ELM|Adaptin binding Endosome-Lysosome-Basolateral sorting signals (TRG_DiLeu_LyEn_5), 18-23, ELM",,,,,,,,,,,,,,,,,
21,22,L,,,,,,,,,,,,"Adaptin binding Endosome-Lysosome-Basolateral sorting signals (TRG_DiLeu_BaEn_1), 18-23, ELM|Adaptin binding Endosome-Lysosome-Basolateral sorting signals (TRG_DiLeu_LyEn_5), 18-23, ELM",,,,,,,,,,,,,,,,,
22,23,I,,,,,,,,,,,,"Adaptin binding Endosome-Lysosome-Basolateral sorting signals (TRG_DiLeu_BaEn_1), 18-23, ELM|Adaptin binding Endosome-Lysosome-Basolateral sorting signals (TRG_DiLeu_LyEn_5), 18-23, ELM",,,,,,,,,,,,,,,,,
23,24,R,,,,,,,,,,,,,,,,,,,,,,,,,,,,,
24,25,E,Q,,,,,,,,,,,,,ClinVar,,,"hg19,16:87432453-87432453, hg38,16:87398847-87398847","hg19,16:g.87432453G>C, hg38,16:g.87398847G>C",0.061,,,0.0060480984873789,0.0070709644540706,,,Benign,not provided,1,781343
25,26,Q,,,,,,,,,,,,,,,,,,,,,,,,,,,,,
26,27,H,,,,,,,,,,,,,,,,,,,,,,,,,,,,,
27,28,P,,,,,,,,,,,,,,,,,,,,,,,,,,,,,
28,29,T,I,P,,,,,,,,,,,,ClinVar,,,"hg19,16:87432466-87432466, hg38,16:87398860-87398860","hg19,16:g.87432466C>T, hg38,16:g.87398860C>T",0.168,,,0.0000079527922254,,,,Uncertain significance,not specified,1,2493543
29,29,T,N,P,,,,,,,,,,,,ClinVar,,,"hg19,16:87432466-87432466, hg38,16:87398860-87398860","hg19,16:g.87432466C>A, hg38,16:g.87398860C>A",0.067,,,0.0000278347727887,0.0000636739891754,,,Uncertain significance,not specified,1,4051121
30,30,K,,,,Ubq,,,,,,,,,,,,,,,,,,,,,,,,,
31,31,I,,,,,,,,,,,,"PP2A holoenzyme B56-docking site (DOC_PP2A_B56_1), 31-36, ELM|SUMO interaction site (LIG_SUMO_SIM_par_1), 31-36, ELM",,,,,,,,,,,,,,,,,
32,32,P,,,,,,,,,,,,"PP2A holoenzyme B56-docking site (DOC_PP2A_B56_1), 31-36, ELM|SUMO interaction site (LIG_SUMO_SIM_par_1), 31-36, ELM",,,,,,,,,,,,,,,,,
33,33,V,,,,,,,,,,,,"PP2A holoenzyme B56-docking site (DOC_PP2A_B56_1), 31-36, ELM|SUMO interaction site (LIG_SUMO_SIM_par_1), 31-36, ELM",,,,,,,,,,,,,,,,,
34,34,I,,,,,,,,,,,,"PP2A holoenzyme B56-docking site (DOC_PP2A_B56_1), 31-36, ELM|SUMO interaction site (LIG_SUMO_SIM_par_1), 31-36, ELM",,,,,,,,,,,,,,,,,
35,35,I,,,,,,,,,,,,"PP2A holoenzyme B56-docking site (DOC_PP2A_B56_1), 31-36, ELM|SUMO interaction site (LIG_SUMO_SIM_par_1), 31-36, ELM",,,,,,,,,,,,,,,,,
36,36,E,,,,,,,,,,,,"PP2A holoenzyme B56-docking site (DOC_PP2A_B56_1), 31-36, ELM|SUMO interaction site (LIG_SUMO_SIM_par_1), 31-36, ELM",,,,,,,,,,,,,,,,,
37,37,R,,,,,,,,,,,,"MAPK docking motifs (DOC_MAPK_gen_1), 37-46, ELM",,,,,,,,,,,,,,,,,
38,38,Y,,,,,,,,,,,,"MAPK docking motifs (DOC_MAPK_gen_1), 37-46, ELM",,,,,,,,,,,,,,,,,
39,39,K,R,,,,,,,,,,,"MAPK docking motifs (DOC_MAPK_gen_1), 37-46, ELM",,cBioPortal,coadread_tcga_pan_can_atlas_2018,Colorectal Adenocarcinoma,"hg19,16:87435800-87435800","hg19,16:g.87435800A>G",0.065,,,,,,,,,,
40,40,G,,,,,,,,,,,,"MAPK docking motifs (DOC_MAPK_gen_1), 37-46, ELM",,,,,,,,,,,,,,,,,
41,41,E,,,,,,,,,,,,"MAPK docking motifs (DOC_MAPK_gen_1), 37-46, ELM",,,,,,,,,,,,,,,,,
42,42,K,,,,Ubq,,,,,,,,"MAPK docking motifs (DOC_MAPK_gen_1), 37-46, ELM",,,,,,,,,,,,,,,,,
43,43,Q,,,,,,,,,,,,"MAPK docking motifs (DOC_MAPK_gen_1), 37-46, ELM",,,,,,,,,,,,,,,,,
44,44,L,F,,,,,,,,,,,"MAPK docking motifs (DOC_MAPK_gen_1), 37-46, ELM",,ClinVar,,,"hg19,16:87435814-87435814, hg38,16:87402208-87402208","hg19,16:g.87435814C>T, hg38,16:g.87402208C>T",0.359,,,,,,,Uncertain significance,not specified,1,2298840
45,44,L,P,,,,,,,,,,,"MAPK docking motifs (DOC_MAPK_gen_1), 37-46, ELM",,ClinVar,,,"hg19,16:87435815-87435815, hg38,16:87402209-87402209","hg19,16:g.87435815T>C, hg38,16:g.87402209T>C",0.632,,,,,,,Uncertain significance,not specified,1,2298841
46,45,P,,,,,,,,,,,,"MAPK docking motifs (DOC_MAPK_gen_1), 37-46, ELM",,,,,,,,,,,,,,,,,
47,46,V,,,,,,,,,,,,"MAPK docking motifs (DOC_MAPK_gen_1), 37-46, ELM",,,,,,,,,,,,,,,,,
48,47,L,,,,,,,,,,,,,,,,,,,,,,,,,,,,,
49,48,D,,,,,,,,,,,,"FHA phosphopeptide ligands (LIG_FHA_1), 48-54, ELM",,,,,,,,,,,,,,,,,
50,49,K,,,,Ubq,,,Ac,,,,,"FHA phosphopeptide ligands (LIG_FHA_1), 48-54, ELM",,,,,,,,,,,,,,,,,
51,50,T,R,P,,,,,,,,,,"FHA phosphopeptide ligands (LIG_FHA_1), 48-54, ELM",,ClinVar,,,"hg19,16:87435833-87435833, hg38,16:87402227-87402227","hg19,16:g.87435833C>G, hg38,16:g.87402227C>G",0.415,,,0.0000039767440011,,,,Uncertain significance,not specified,1,3870023
52,51,K,,,,Ubq,,,Ac,,,,,"FHA phosphopeptide ligands (LIG_FHA_1), 48-54, ELM",,,,,,,,,,,,,,,,,
53,52,F,,,,,,,,,,,,"PP4 EVH1-binding docking motifs (DOC_PP4_FxxP_1), 52-55, ELM|FHA phosphopeptide ligands (LIG_FHA_1), 48-54, ELM",,,,,,,,,,,,,,,,,
54,53,L,,,,,,,,,,,,"PP4 EVH1-binding docking motifs (DOC_PP4_FxxP_1), 52-55, ELM|FHA phosphopeptide ligands (LIG_FHA_1), 48-54, ELM",,,,,,,,,,,,,,,,,
55,54,V,,,,,,,,,,,,"PP4 EVH1-binding docking motifs (DOC_PP4_FxxP_1), 52-55, ELM|Arc N-lobe binding ligand (LIG_Arc_Nlobe_1), 54-58, ELM|FHA phosphopeptide ligands (LIG_FHA_1), 48-54, ELM",,,,,,,,,,,,,,,,,
56,55,P,,,,,,,,,,,,"PP4 EVH1-binding docking motifs (DOC_PP4_FxxP_1), 52-55, ELM|Arc N-lobe binding ligand (LIG_Arc_Nlobe_1), 54-58, ELM",,,,,,,,,,,,,,,,,
57,56,D,G,,,,,,,,,,,"Arc N-lobe binding ligand (LIG_Arc_Nlobe_1), 54-58, ELM",,ClinVar,,,"hg19,16:87435851-87435851, hg38,16:87402245-87402245","hg19,16:g.87435851A>G, hg38,16:g.87402245A>G",0.408,,,,,,,Uncertain significance,not specified,1,2291996
58,57,H,,,,,,,,,,,,"Arc N-lobe binding ligand (LIG_Arc_Nlobe_1), 54-58, ELM",,,,,,,,,,,,,,,,,
59,58,V,,,,,,,,,,,,"Arc N-lobe binding ligand (LIG_Arc_Nlobe_1), 54-58, ELM",,,,,,,,,,,,,,,,,
60,59,N,,,,,,,,,,,,,,,,,,,,,,,,,,,,,
61,60,M,,,,,,,,,,,,,,,,,,,,,,,,,,,,,
62,61,S,,,,,,,,,,,,,,,,,,,,,,,,,,,,,
63,62,E,,,,,,,,,,,,"NES Nuclear Export Signals (TRG_NES_CRM1_1), 62-77, ELM",,,,,,,,,,,,,,,,,
64,63,L,,,,,,,,,,,,"NES Nuclear Export Signals (TRG_NES_CRM1_1), 62-77, ELM",,,,,,,,,,,,,,,,,
65,64,I,,,,,,,,,,,,"NES Nuclear Export Signals (TRG_NES_CRM1_1), 62-77, ELM",,,,,,,,,,,,,,,,,
66,65,K,E,,,Ubq,,,,,,,,"MAPK docking motifs (DOC_MAPK_gen_1), 65-73, ELM|NES Nuclear Export Signals (TRG_NES_CRM1_1), 62-77, ELM",,"cBioPortal,COSMIC",coadread_genentech,Colorectal Adenocarcinoma,"hg19,16:87435877-87435877, hg38,16:87402271-87402271","hg19,16:g.87435877A>G, hg38,16:g.87402271A>G",0.314,"large_intestine, colon","carcinoma, adenocarcinoma",0.0000278640235650,,,,,,,
67,66,I,,,,,,,,,,,,"MAPK docking motifs (DOC_MAPK_gen_1), 65-73, ELM|NES Nuclear Export Signals (TRG_NES_CRM1_1), 62-77, ELM",,,,,,,,,,,,,,,,,
68,67,I,,,,,,,,,,,,"MAPK docking motifs (DOC_MAPK_gen_1), 65-73, ELM|di Arginine retention/retrieving signal (TRG_ER_diArg_1), 67-70, ELM|NES Nuclear Export Signals (TRG_NES_CRM1_1), 62-77, ELM",,,,,,,,,,,,,,,,,
69,68,R,,,,,,,,,,,,"MAPK docking motifs (DOC_MAPK_gen_1), 65-73, ELM|di Arginine retention/retrieving signal (TRG_ER_diArg_1), 67-70, ELM|di Arginine retention/retrieving signal (TRG_ER_diArg_1), 68-70, ELM|NES Nuclear Export Signals (TRG_NES_CRM1_1), 62-77, ELM",,,,,,,,,,,,,,,,,
70,69,R,,,,,,,,,,,,"NRD cleavage site (CLV_NRD_NRD_1), 69-71, ELM|MAPK docking motifs (DOC_MAPK_gen_1), 65-73, ELM|di Arginine retention/retrieving signal (TRG_ER_diArg_1), 67-70, ELM|di Arginine retention/retrieving signal (TRG_ER_diArg_1), 68-70, ELM|di Arginine retention/retrieving signal (TRG_ER_diArg_1), 69-71, ELM|NES Nuclear Export Signals (TRG_NES_CRM1_1), 62-77, ELM",,,,,,,,,,,,,,,,,
71,70,R,,,,,,,,,,,,"NRD cleavage site (CLV_NRD_NRD_1), 69-71, ELM|MAPK docking motifs (DOC_MAPK_gen_1), 65-73, ELM|di Arginine retention/retrieving signal (TRG_ER_diArg_1), 67-70, ELM|di Arginine retention/retrieving signal (TRG_ER_diArg_1), 68-70, ELM|di Arginine retention/retrieving signal (TRG_ER_diArg_1), 69-71, ELM|NES Nuclear Export Signals (TRG_NES_CRM1_1), 62-77, ELM",,,,,,,,,,,,,,,,,
72,71,L,,,,,,,,,,,,"NRD cleavage site (CLV_NRD_NRD_1), 69-71, ELM|MAPK docking motifs (DOC_MAPK_gen_1), 65-73, ELM|di Arginine retention/retrieving signal (TRG_ER_diArg_1), 69-71, ELM|NES Nuclear Export Signals (TRG_NES_CRM1_1), 62-77, ELM",,,,,,,,,,,,,,,,,
73,72,Q,,,,,,,,,,,,"MAPK docking motifs (DOC_MAPK_gen_1), 65-73, ELM|NES Nuclear Export Signals (TRG_NES_CRM1_1), 62-77, ELM",,,,,,,,,,,,,,,,,
74,73,L,,,,,,,,,,,,"MAPK docking motifs (DOC_MAPK_gen_1), 65-73, ELM|NES Nuclear Export Signals (TRG_NES_CRM1_1), 62-77, ELM",,,,,,,,,,,,,,,,,
75,74,N,,,,,,,,,,,,"NES Nuclear Export Signals (TRG_NES_CRM1_1), 62-77, ELM",,,,,,,,,,,,,,,,,
76,75,A,,,,,,,,,,,,"NES Nuclear Export Signals (TRG_NES_CRM1_1), 62-77, ELM",,,,,,,,,,,,,,,,,
77,76,N,,,,,,,,,,,,"NES Nuclear Export Signals (TRG_NES_CRM1_1), 62-77, ELM",,,,,,,,,,,,,,,,,
78,77,Q,R,,,,,,,,,,,"NES Nuclear Export Signals (TRG_NES_CRM1_1), 62-77, ELM",,ClinVar,,,"hg19,16:87436555-87436555, hg38,16:87402949-87402949","hg19,16:g.87436555A>G, hg38,16:g.87402949A>G",0.403,,,,,,,Uncertain significance,not specified,1,3292933
79,78,A,,,,,,,,,,,,,,,,,,,,,,,,,,,,,
80,79,F,L,,,,,,,,,,,,,ClinVar,,,"hg19,16:87436562-87436562, hg38,16:87402956-87402956","hg19,16:g.87436562C>A, hg38,16:g.87402956C>A",0.291,,,,0.0000318430773150,,,Uncertain significance,not specified,1,3542642
81,80,F,,,,,,,,,,,,,,,,,,,,,,,,,,,,,
82,81,L,,,,,,,,,,,,,,,,,,,,,,,,,,,,,
83,82,L,,,,,,,,,,,,,,,,,,,,,,,,,,,,,
84,83,V,,,,,,,,,,,,,,,,,,,,,,,,,,,,,
85,84,N,K,,,,,,,,,,,,,ClinVar,,,"hg19,16:87436577-87436577, hg38,16:87402971-87402971","hg19,16:g.87436577C>A, hg38,16:g.87402971C>A",0.290,,,0.0000079612763518,0.0000318390219052,,,Uncertain significance,not specified,1,3542644
86,85,G,,,,,,,,,,,,,,,,,,,,,,,,,,,,,
87,86,H,D,,,,,,,,,,,,,ClinVar,,,"hg19,16:87436581-87436581, hg38,16:87402975-87402975","hg19,16:g.87436581C>G, hg38,16:g.87402975C>G",0.241,,,0.0000278613618634,0.0000318430773150,,,Uncertain significance,not specified,1,2553606
88,87,S,,,,,,,,,,,,"SUMO interaction site (LIG_SUMO_SIM_par_1), 87-93, ELM",,,,,,,,,,,,,,,,,
89,88,M,T,,,,,,,,,,,"SH3 domain ligands (LIG_SH3_3), 88-94, ELM|SUMO interaction site (LIG_SUMO_SIM_par_1), 87-93, ELM",,ClinVar,,,"hg19,16:87436588-87436588, hg38,16:87402982-87402982","hg19,16:g.87436588T>C, hg38,16:g.87402982T>C",0.502,,,,,,,Uncertain significance,not specified,1,3870024
90,89,V,,,,,,,,,,,,"SH3 domain ligands (LIG_SH3_3), 88-94, ELM|SUMO interaction site (LIG_SUMO_SIM_par_1), 87-93, ELM",,,,,,,,,,,,,,,,,
91,90,S,,,,,,,,,,,,"WW domain ligands (DOC_WW_Pin1_4), 90-95, ELM|SH3 domain ligands (LIG_SH3_3), 88-94, ELM|SUMO interaction site (LIG_SUMO_SIM_par_1), 87-93, ELM",,,,,,,,,,,,,,,,,
92,91,V,I,,,,,,,,,,,"SCF ubiquitin ligase binding Phosphodegrons (DEG_SCF_FBW7_2), 91-97, ELM|Cks1 ligand (DOC_CKS1_1), 91-96, ELM|WW domain ligands (DOC_WW_Pin1_4), 90-95, ELM|SH3 domain ligands (LIG_SH3_3), 88-94, ELM|SUMO interaction site (LIG_SUMO_SIM_par_1), 87-93, ELM",,ClinVar,,,"hg19,16:87436596-87436596, hg38,16:87402990-87402990","hg19,16:g.87436596G>A, hg38,16:g.87402990G>A",0.172,,,0.0000875329243159,0.0000636942675159,,,Uncertain significance,not specified,1,2406999
93,92,S,,,,,,,,,,,,"SCF ubiquitin ligase binding Phosphodegrons (DEG_SCF_FBW7_2), 91-97, ELM|Cks1 ligand (DOC_CKS1_1), 91-96, ELM|WW domain ligands (DOC_WW_Pin1_4), 90-95, ELM|SH3 domain ligands (LIG_SH3_3), 88-94, ELM|SUMO interaction site (LIG_SUMO_SIM_par_1), 87-93, ELM",,,,,,,,,,,,,,,,,
94,93,T,,,,,,,,,,,,"SCF ubiquitin ligase binding Phosphodegrons (DEG_SCF_FBW7_2), 91-97, ELM|Cks1 ligand (DOC_CKS1_1), 91-96, ELM|WW domain ligands (DOC_WW_Pin1_4), 90-95, ELM|SH3 domain ligands (LIG_SH3_3), 88-94, ELM|SUMO interaction site (LIG_SUMO_SIM_par_1), 87-93, ELM",,,,,,,,,,,,,,,,,
95,94,P,,,,,,,,,,,,"SCF ubiquitin ligase binding Phosphodegrons (DEG_SCF_FBW7_2), 91-97, ELM|Cks1 ligand (DOC_CKS1_1), 91-96, ELM|WW domain ligands (DOC_WW_Pin1_4), 90-95, ELM|SH3 domain ligands (LIG_SH3_3), 88-94, ELM",,,,,,,,,,,,,,,,,
96,95,I,,,,,,,,,,,,"SCF ubiquitin ligase binding Phosphodegrons (DEG_SCF_FBW7_2), 91-97, ELM|Cks1 ligand (DOC_CKS1_1), 91-96, ELM|WW domain ligands (DOC_WW_Pin1_4), 90-95, ELM",,,,,,,,,,,,,,,,,
97,96,S,,,,,,,,,,,,"SCF ubiquitin ligase binding Phosphodegrons (DEG_SCF_FBW7_2), 91-97, ELM|Cks1 ligand (DOC_CKS1_1), 91-96, ELM",,,,,,,,,,,,,,,,,
98,97,E,,,,,,,,,,,,"SCF ubiquitin ligase binding Phosphodegrons (DEG_SCF_FBW7_2), 91-97, ELM",,,,,,,,,,,,,,,,,
99,98,V,L,,,,,,,,,,,,,ClinVar,,,"hg19,16:87436617-87436617, hg38,16:87403011-87403011","hg19,16:g.87436617G>T, hg38,16:g.87403011G>T",0.047,,,0.0000039774399605,,,,Uncertain significance,not specified,1,3542643
100,99,Y,,,,,,,,,,,,,,,,,,,,,,,,,,,,,
101,100,E,,,,,,,,,,,,,,,,,,,,,,,,,,,,,
102,101,S,,,,,,,,,,,,,,,,,,,,,,,,,,,,,
103,102,E,K,,,,,,,,,,,,,ClinVar,,,"hg19,16:87436629-87436629, hg38,16:87403023-87403023","hg19,16:g.87436629G>A, hg38,16:g.87403023G>A",0.315,,,,,,,Uncertain significance,not specified,1,3122723
104,103,K,,,,,,,,,,,,,,,,,,,,,,,,,,,,,
105,104,D,,,,,,,,,,,,,,,,,,,,,,,,,,,,,
106,105,E,,,,,,,,,,,,"Atg8 protein family ligands (LIG_LIR_Gen_1), 105-114, ELM",,,,,,,,,,,,,,,,,
107,106,D,,,,,,,,,,,,"Atg8 protein family ligands (LIG_LIR_Gen_1), 105-114, ELM|Atg8 protein family ligands (LIG_LIR_Gen_1), 106-114, ELM",,,,,,,,,,,,,,,,,
108,107,G,,,,,,,,,,,,"Atg8 protein family ligands (LIG_LIR_Gen_1), 105-114, ELM|Atg8 protein family ligands (LIG_LIR_Gen_1), 106-114, ELM",,,,,,,,,,,,,,,,,
109,108,F,,,,,,,,,,,,"Atg8 protein family ligands (LIG_LIR_Gen_1), 105-114, ELM|Atg8 protein family ligands (LIG_LIR_Gen_1), 106-114, ELM",,,,,,,,,,,,,,,,,
110,109,L,,,,,,,,,,,,"Atg8 protein family ligands (LIG_LIR_Gen_1), 105-114, ELM|Atg8 protein family ligands (LIG_LIR_Gen_1), 106-114, ELM",,,,,,,,,,,,,,,,,
111,110,Y,,,,,,,,,,,,"Atg8 protein family ligands (LIG_LIR_Gen_1), 105-114, ELM|Atg8 protein family ligands (LIG_LIR_Gen_1), 106-114, ELM",,,,,,,,,,,,,,,,,
112,111,M,,,,,,,,,,,,"Atg8 protein family ligands (LIG_LIR_Gen_1), 105-114, ELM|Atg8 protein family ligands (LIG_LIR_Gen_1), 106-114, ELM",,,,,,,,,,,,,,,,,
113,112,V,,,,,,,,,,,,"Atg8 protein family ligands (LIG_LIR_Gen_1), 105-114, ELM|Atg8 protein family ligands (LIG_LIR_Gen_1), 106-114, ELM",,,,,,,,,,,,,,,,,
114,113,Y,,,,,,,,,,,,"Atg8 protein family ligands (LIG_LIR_Gen_1), 105-114, ELM|Atg8 protein family ligands (LIG_LIR_Gen_1), 106-114, ELM|Phosphotyrosine ligands bound by SH2 domains (LIG_SH2_STAT3), 113-116, ELM",,,,,,,,,,,,,,,,,
115,114,A,,,,,,,,,,,,"Atg8 protein family ligands (LIG_LIR_Gen_1), 105-114, ELM|Atg8 protein family ligands (LIG_LIR_Gen_1), 106-114, ELM|Phosphotyrosine ligands bound by SH2 domains (LIG_SH2_STAT3), 113-116, ELM",,,,,,,,,,,,,,,,,
116,115,S,,,,,,,,,,,,"Phosphotyrosine ligands bound by SH2 domains (LIG_SH2_STAT3), 113-116, ELM",,,,,,,,,,,,,,,,,
117,116,Q,,,,,,,,,,,,"Phosphotyrosine ligands bound by SH2 domains (LIG_SH2_STAT3), 113-116, ELM",,,,,,,,,,,,,,,,,
118,117,E,,,,,,,,,,,,,,,,,,,,,,,,,,,,,
119,118,T,,,,,,,,,,,,,,,,,,,,,,,,,,,,,
120,119,F,,,,,,,,,,,,,,,,,,,,,,,,,,,,,
121,120,G,,,,,,,,,,,,"PDZ domain ligands (LIG_PDZ_Class_2), 120-125, ELM",,,,,,,,,,,,,,,,,
122,121,M,,,,,,,,,,,,"PDZ domain ligands (LIG_PDZ_Class_2), 120-125, ELM",,,,,,,,,,,,,,,,,
123,122,K,,,,,,,,,,,,"PDZ domain ligands (LIG_PDZ_Class_2), 120-125, ELM",,,,,,,,,,,,,,,,,
124,123,L,S,,,,,,,,,,,"PDZ domain ligands (LIG_PDZ_Class_2), 120-125, ELM",,cBioPortal,coadread_dfci_2016,Colorectal Adenocarcinoma,"hg19,16:87436693-87436693","hg19,16:g.87436693T>C",0.044,,,,,,,,,,
125,124,S,,,,,,,,,,,,"PDZ domain ligands (LIG_PDZ_Class_2), 120-125, ELM",,,,,,,,,,,,,,,,,
126,125,V,,,,,,,,,,,,"PDZ domain ligands (LIG_PDZ_Class_2), 120-125, ELM",,,,,,,,,,,,,,,,,
