,aa_position,ref_aa,alt_aa,phosphorylation_site,methylation_site,ubiquitination_site,cleavage_site,s-nitrosylation_site,acetylation_site,sumoyylation_site,ogalnac_site,oglcnac_site,disorder_propensity,linear_motif,structure,sources,cancer_study,cancer_type,genomic_coordinates,genomic_mutation,REVEL_score,cancer_site,cancer_histology,gnomad_exome_af,gnomad_genome_af,gnomad_popmax_exome_af,gnomad_popmax_genome_af
0,1,M,,,,,,,,,,,,,,,,,,,,,,,,,
1,2,K,,,,,,,,,,,,,,,,,,,,,,,,,
2,3,V,D,,,,,,,,,,,,,COSMIC,,,"hg38,11:46548373-46548373","hg38,11:g.46548373A>T",0.373,large_intestine,"carcinoma, adenocarcinoma",,,,
3,3,V,L,,,,,,,,,,,,,COSMIC,,,"hg38,11:46548374-46548374","hg38,11:g.46548374C>G",0.261,"eye, uveal_tract","malignant_melanoma, spindle, B",,,,
4,4,V,,,,,,,,,,,,,,,,,,,,,,,,,
5,5,P,L,,,,,,,,,,,,,COSMIC,,,"hg38,11:46548367-46548367","hg38,11:g.46548367G>A",0.414,"large_intestine, colon, sigmoid","carcinoma, adenocarcinoma",,,,
6,6,E,K,,,,,,,,,,,,,COSMIC,,,"hg38,11:46548365-46548365","hg38,11:g.46548365C>T",0.340,stomach,"carcinoma, adenocarcinoma",,,,
7,7,K,,,,,,,,,,,,,,,,,,,,,,,,,
8,8,N,,,,,,,,,,,,,,,,,,,,,,,,,
9,9,A,T,,,,,,,,,,,,,COSMIC,,,"hg38,11:46548356-46548356","hg38,11:g.46548356C>T",0.250,liver,"carcinoma, hepatocellular_carcinoma",,,,
10,10,V,,,,,,,,,,,,,,,,,,,,,,,,,
11,11,R,W,,,,,,,,,,,,,COSMIC,,,"hg38,11:46548350-46548350","hg38,11:g.46548350G>A",0.619,endometrium,"carcinoma, endometrioid_carcinoma",,,,
12,12,I,,,,,,,,,,,,,,,,,,,,,,,,,
13,13,L,,,,,,,,,,,,,,,,,,,,,,,,,
14,14,W,C,,,,,,,,,,,,,COSMIC,,,"hg38,11:46548339-46548339","hg38,11:g.46548339C>A",0.441,lung,"carcinoma, adenocarcinoma",,,,
15,15,G,,,,,,,,,,,,,,,,,,,,,,,,,
16,16,R,Q,,,,,,,,,,,,,COSMIC,,,"hg38,11:46548334-46548334","hg38,11:g.46548334C>T",0.568,stomach,carcinoma,,,,
17,17,E,,,,,,,,,,,,,,,,,,,,,,,,,
18,18,R,Q,,,,,,,,,,,,,COSMIC,,,"hg38,11:46548328-46548328","hg38,11:g.46548328C>T",0.286,stomach,"carcinoma, adenocarcinoma",,,,
19,18,R,W,,,,,,,,,,,,,COSMIC,,,"hg38,11:46548329-46548329","hg38,11:g.46548329G>A",0.516,endometrium,"carcinoma, endometrioid_carcinoma",,,,
20,19,G,,,,,,,,,,,,,,,,,,,,,,,,,
21,20,A,,,,,,,,,,,,,,,,,,,,,,,,,
22,21,R,,,,,,,,,,,,,,,,,,,,,,,,,
23,22,A,,,,,,,,,,,,,,,,,,,,,,,,,
24,23,M,,,,,,,,,,,,,,,,,,,,,,,,,
25,24,G,,,,,,,,,,,,,,,,,,,,,,,,,
26,25,A,,,,,,,,,,,,,,,,,,,,,,,,,
27,26,Q,R,,,,,,,,,,,,,COSMIC,,,"hg38,11:46548304-46548304","hg38,11:g.46548304T>C",0.434,liver,"carcinoma, hepatocellular_carcinoma",,,,
28,27,R,W,,,,,,,,,,,,,COSMIC,,,"hg38,11:46548302-46548302","hg38,11:g.46548302G>A",0.625,"central_nervous_system, brain","glioma, astrocytoma_Grade_IV, glioblastoma_multiforme",,,,
29,28,L,,,,,,,,,,,,,,,,,,,,,,,,,
30,29,L,,,,,,,,,,,,,,,,,,,,,,,,,
31,30,Q,,,,,,,,,,,,,,,,,,,,,,,,,
32,31,E,,,,,,,,,,,,,,,,,,,,,,,,,
33,32,L,,,,,,,,,,,,,,,,,,,,,,,,,
34,33,V,,,,,,,,,,,,,,,,,,,,,,,,,
35,34,E,D,,,,,,,,,,,,,COSMIC,,,"hg38,11:46548279-46548279","hg38,11:g.46548279T>A",0.438,prostate,"carcinoma, adenocarcinoma",,,,
36,35,D,H,,,,,,,,,,,,,COSMIC,,,"hg38,11:46548278-46548278","hg38,11:g.46548278C>G",0.509,cervix,"carcinoma, squamous_cell_carcinoma",,,,
37,36,K,,,,,,,,,,,,,,,,,,,,,,,,,
38,37,T,,,,,,,,,,,,,,,,,,,,,,,,,
39,38,R,Q,,,,,,,,,,,,,COSMIC,,,"hg38,11:46548268-46548268","hg38,11:g.46548268C>T",0.386,endometrium,"carcinoma, endometrioid_carcinoma",,,,
40,38,R,W,,,,,,,,,,,,,COSMIC,,,"hg38,11:46548269-46548269","hg38,11:g.46548269G>A",0.465,"stomach, gastroesophageal_junction","carcinoma, adenocarcinoma",,,,
41,39,W,C,,,,,,,,,,,,,COSMIC,,,"hg38,11:46548264-46548264","hg38,11:g.46548264C>A",0.419,haematopoietic_and_lymphoid_tissue,"lymphoid_neoplasm, Hodgkin_lymphoma, nodular_sclerosing",,,,
42,40,M,,,,,,,,,,,,,,,,,,,,,,,,,
43,41,K,,,,,,,,,,,,,,,,,,,,,,,,,
44,42,W,,,,,,,,,,,,,,,,,,,,,,,,,
45,43,E,,,,,,,,,,,,,,,,,,,,,,,,,
46,44,G,D,,,,,,,,,,,,,COSMIC,,,"hg38,11:46548250-46548250","hg38,11:g.46548250C>T",0.453,large_intestine,"carcinoma, adenocarcinoma",,,,
47,45,K,N,,,,,,,,,,,,,COSMIC,,,"hg38,11:46548246-46548246","hg38,11:g.46548246C>A",0.171,large_intestine,"carcinoma, adenocarcinoma",,,,
48,46,R,K,,,,,,,,,,,,,COSMIC,,,"hg38,11:46547874-46547874","hg38,11:g.46547874C>T",0.122,lung,"carcinoma, non_small_cell_carcinoma",,,,
49,47,V,,,,,,,,,,,,,,,,,,,,,,,,,
50,48,E,,,,,,,,,,,,,,,,,,,,,,,,,
51,49,L,,,,,,,,,,,,,,,,,,,,,,,,,
52,50,P,,,,,,,,,,,,,,,,,,,,,,,,,
53,51,D,N,,,,,,,,,,,,,COSMIC,,,"hg38,11:46547860-46547860","hg38,11:g.46547860C>T",0.277,"skin, ear",malignant_melanoma,,,,
54,52,S,,,,,,,,,,,,,,,,,,,,,,,,,
55,53,P,A,,,,,,,,,,,,,COSMIC,,,"hg38,11:46547854-46547854","hg38,11:g.46547854G>C",0.433,"large_intestine, rectum","carcinoma, adenocarcinoma",,,,
56,54,R,C,,,,,,,,,,,,,COSMIC,,,"hg38,11:46547851-46547851","hg38,11:g.46547851G>A",0.607,"urinary_tract, bladder",carcinoma,,,,
57,54,R,H,,,,,,,,,,,,,COSMIC,,,"hg38,11:46547850-46547850","hg38,11:g.46547850C>T",0.542,"skin, head_neck","carcinoma, squamous_cell_carcinoma",,,,
58,55,S,Y,,,,,,,,,,,,,COSMIC,,,"hg38,11:46547847-46547847","hg38,11:g.46547847G>T",0.575,kidney,"carcinoma, papillary_renal_cell_carcinoma",,,,
59,56,T,A,,,,,,,,,,,,,COSMIC,,,"hg38,11:46547845-46547845","hg38,11:g.46547845T>C",0.516,endometrium,"carcinoma, endometrioid_carcinoma",,,,
60,57,F,,,,,,,,,,,,,,,,,,,,,,,,,
61,58,L,V,,,,,,,,,,,,,COSMIC,,,"hg38,11:46547839-46547839","hg38,11:g.46547839A>C",0.255,pleura,"mesothelioma, epithelial",,,,
62,59,L,,,,,,,,,,,,,,,,,,,,,,,,,
63,60,A,,,,,,,,,,,,,,,,,,,,,,,,,
64,61,F,,,,,,,,,,,,,,,,,,,,,,,,,
65,62,S,,,,,,,,,,,,,,,,,,,,,,,,,
66,63,P,L,,,,,,,,,,,,,COSMIC,,,"hg38,11:46547823-46547823","hg38,11:g.46547823G>A",0.587,"biliary_tract, gallbladder","carcinoma, small_cell_carcinoma",,,,
67,63,P,S,,,,,,,,,,,,,COSMIC,,,"hg38,11:46547824-46547824","hg38,11:g.46547824G>A",0.553,skin,malignant_melanoma,,,,
68,64,D,,,,,,,,,,,,,,,,,,,,,,,,,
69,65,R,,,,,,,,,,,,,,,,,,,,,,,,,
70,66,T,,,,,,,,,,,,,,,,,,,,,,,,,
71,67,L,,,,,,,,,,,,,,,,,,,,,,,,,
72,68,L,,,,,,,,,,,,,,,,,,,,,,,,,
73,69,A,,,,,,,,,,,,,,,,,,,,,,,,,
74,70,S,C,,,,,,,,,,,,,COSMIC,,,"hg38,11:46547282-46547282","hg38,11:g.46547282G>C",0.710,"urinary_tract, bladder",carcinoma,,,,
75,71,T,S,,,,,,,,,,,,,COSMIC,,,"hg38,11:46547280-46547280","hg38,11:g.46547280T>A",0.278,skin,malignant_melanoma,,,,
76,72,H,,,,,,,,,,,,,,,,,,,,,,,,,
77,73,V,,,,,,,,,,,,,,,,,,,,,,,,,
78,74,N,,,,,,,,,,,,,,,,,,,,,,,,,
79,75,H,,,,,,,,,,,,,,,,,,,,,,,,,
80,76,N,T,,,,,,,,,,,,,COSMIC,,,"hg38,11:46547264-46547264","hg38,11:g.46547264T>G",0.384,stomach,"carcinoma, adenocarcinoma",,,,
81,77,I,,,,,,,,,,,,,,,,,,,,,,,,,
82,78,Y,,,,,,,,,,,,,,,,,,,,,,,,,
83,79,I,,,,,,,,,,,,,,,,,,,,,,,,,
84,80,T,M,,,,,,,,,,,,,COSMIC,,,"hg38,11:46547252-46547252","hg38,11:g.46547252G>A",0.563,"biliary_tract, gallbladder, urinary_tract, bladder","carcinoma, small_cell_carcinoma, carcinoma, transitional_cell_carcinoma",,,,
85,81,E,,,,,,,,,,,,,,,,,,,,,,,,,
86,82,V,,,,,,,,,,,,,,,,,,,,,,,,,
87,83,K,,,,,,,,,,,,,,,,,,,,,,,,,
88,84,T,,,,,,,,,,,,,,,,,,,,,,,,,
89,85,G,,,,,,,,,,,,,,,,,,,,,,,,,
90,86,K,,,,,,,,,,,,,,,,,,,,,,,,,
91,87,C,,,,,,,,,,,,,,,,,,,,,,,,,
92,88,V,,,,,,,,,,,,,,,,,,,,,,,,,
93,89,H,,,,,,,,,,,,,,,,,,,,,,,,,
94,90,S,F,,,,,,,,,,,,,COSMIC,,,"hg38,11:46547222-46547222","hg38,11:g.46547222G>A",0.633,skin,"carcinoma, basal_cell_carcinoma, malignant_melanoma",,,,
95,91,L,,,,,,,,,,,,,,,,,,,,,,,,,
96,92,I,,,,,,,,,,,,,,,,,,,,,,,,,
97,93,G,,,,,,,,,,,,,,,,,,,,,,,,,
98,94,H,,,,,,,,,,,,,,,,,,,,,,,,,
99,95,R,H,,,,,,,,,,,,,COSMIC,,,"hg38,11:46547207-46547207","hg38,11:g.46547207C>T",0.204,"endometrium, large_intestine, colon, transverse","adenoma, tubulovillous, carcinoma, adenocarcinoma, carcinoma, endometrioid_carcinoma, hyperplasia, atypical",,,,
100,96,R,C,,,,,,,,,,,,,COSMIC,,,"hg38,11:46547205-46547205","hg38,11:g.46547205G>A",0.492,"haematopoietic_and_lymphoid_tissue, central_nervous_system, stomach","carcinoma, lymphoid_neoplasm, primary_central_nervous_system_lymphoma",,,,
101,96,R,L,,,,,,,,,,,,,COSMIC,,,"hg38,11:46547204-46547204","hg38,11:g.46547204C>A",0.622,endometrium,"carcinoma, endometrioid_carcinoma",,,,
102,97,T,I,,,,,,,,,,,,,COSMIC,,,"hg38,11:46547201-46547201","hg38,11:g.46547201G>A",0.548,,malignant_melanoma,,,,
103,98,P,,,,,,,,,,,,,,,,,,,,,,,,,
104,99,W,,,,,,,,,,,,,,,,,,,,,,,,,
105,100,C,,,,,,,,,,,,,,,,,,,,,,,,,
106,101,V,,,,,,,,,,,,,,,,,,,,,,,,,
107,102,T,,,,,,,,,,,,,,,,,,,,,,,,,
108,103,F,,,,,,,,,,,,,,,,,,,,,,,,,
109,104,H,Y,,,,,,,,,,,,,COSMIC,,,"hg38,11:46547181-46547181","hg38,11:g.46547181G>A",0.658,"central_nervous_system, frontal_lobe","glioma, astrocytoma_Grade_IV, glioblastoma_multiforme",,,,
110,105,P,L,,,,,,,,,,,,,COSMIC,,,"hg38,11:46547177-46547177","hg38,11:g.46547177G>A",0.752,skin,"carcinoma, basal_cell_carcinoma",,,,
111,105,P,S,,,,,,,,,,,,,COSMIC,,,"hg38,11:46547178-46547178","hg38,11:g.46547178G>A",0.699,"large_intestine, colon","carcinoma, adenocarcinoma",,,,
112,106,T,,,,,,,,,,,,,,,,,,,,,,,,,
113,107,I,L,,,,,,,,,,,,,COSMIC,,,"hg38,11:46547172-46547172","hg38,11:g.46547172T>G",0.280,liver,carcinoma,,,,
114,107,I,V,,,,,,,,,,,,,COSMIC,,,"hg38,11:46547172-46547172","hg38,11:g.46547172T>C",0.247,"liver, lung","carcinoma, adenocarcinoma, carcinoma, hepatocellular_carcinoma",,,,
115,108,S,,,,,,,,,,,,,,,,,,,,,,,,,
116,109,G,,,,,,,,,,,,,,,,,,,,,,,,,
117,110,L,F,,,,,,,,,,,,,COSMIC,,,"hg38,11:46547163-46547163","hg38,11:g.46547163G>A",0.421,skin,malignant_melanoma,,,,
118,110,L,R,,,,,,,,,,,,,COSMIC,,,"hg38,11:46547162-46547162","hg38,11:g.46547162A>C",0.684,pancreas,"carcinoma, ductal_carcinoma",,,,
119,111,I,,,,,,,,,,,,,,,,,,,,,,,,,
120,112,A,,,,,,,,,,,,,,,,,,,,,,,,,
121,113,S,,,,,,,,,,,,,,,,,,,,,,,,,
122,114,G,,,,,,,,,,,,,,,,,,,,,,,,,
123,115,C,F,,,,,,,,,,,,,COSMIC,,,"hg38,11:46547147-46547147","hg38,11:g.46547147C>A",0.634,"central_nervous_system, brain","glioma, astrocytoma_Grade_IV, glioblastoma_multiforme",,,,
124,116,L,P,,,,,,,,,,,,,COSMIC,,,"hg38,11:46547144-46547144","hg38,11:g.46547144A>G",0.681,"haematopoietic_and_lymphoid_tissue, lymph_node, urinary_tract, bladder","carcinoma, carcinoma, transitional_cell_carcinoma, lymphoid_neoplasm, Hodgkin_lymphoma, nodular_sclerosing",,,,
125,117,D,,,,,,,,,,,,,,,,,,,,,,,,,
126,118,G,,,,,,,,,,,,,,,,,,,,,,,,,
127,119,E,K,,,,,,,,,,,,,COSMIC,,,"hg38,11:46547136-46547136","hg38,11:g.46547136C>T",0.450,"upper_aerodigestive_tract, head_neck","carcinoma, squamous_cell_carcinoma",,,,
128,120,V,,,,,,,,,,,,,,,,,,,,,,,,,
129,121,R,,,,,,,,,,,,,,,,,,,,,,,,,
130,122,I,,,,,,,,,,,,,,,,,,,,,,,,,
131,123,W,,,,,,,,,,,,,,,,,,,,,,,,,
132,124,D,Y,,,,,,,,,,,,,COSMIC,,,"hg38,11:46547121-46547121","hg38,11:g.46547121C>A",0.669,lung,"carcinoma, adenocarcinoma",,,,
133,125,L,,,,,,,,,,,,,,,,,,,,,,,,,
134,126,H,,,,,,,,,,,,,,,,,,,,,,,,,
135,127,G,,,,,,,,,,,,,,,,,,,,,,,,,
136,128,G,V,,,,,,,,,,,,,COSMIC,,,"hg38,11:46545772-46545772","hg38,11:g.46545772C>A",0.633,ovary,"carcinoma, serous_carcinoma",,,,
137,129,S,,,,,,,,,,,,,,,,,,,,,,,,,
138,130,E,,,,,,,,,,,,,,,,,,,,,,,,,
139,131,S,,,,,,,,,,,,,,,,,,,,,,,,,
140,132,W,,,,,,,,,,,,,,,,,,,,,,,,,
141,133,F,,,,,,,,,,,,,,,,,,,,,,,,,
142,134,T,,,,,,,,,,,,,,,,,,,,,,,,,
143,135,D,Y,,,,,,,,,,,,,COSMIC,,,"hg38,11:46545752-46545752","hg38,11:g.46545752C>A",0.517,liver,"carcinoma, hepatocellular_carcinoma",,,,
144,136,S,R,,,,,,,,,,,,,COSMIC,,,"hg38,11:46545747-46545747","hg38,11:g.46545747G>C",0.337,"urinary_tract, bladder","carcinoma, carcinoma, transitional_cell_carcinoma",,,,
145,137,N,,,,,,,,,,,,,,,,,,,,,,,,,
146,138,N,,,,,,,,,,,,,,,,,,,,,,,,,
147,139,A,,,,,,,,,,,,,,,,,,,,,,,,,
148,140,I,,,,,,,,,,,,,,,,,,,,,,,,,
149,141,A,,,,,,,,,,,,,,,,,,,,,,,,,
150,142,S,F,,,,,,,,,,,,,COSMIC,,,"hg38,11:46545730-46545730","hg38,11:g.46545730G>A",0.649,"skin, skin, face","carcinoma, basal_cell_carcinoma, carcinoma, squamous_cell_carcinoma, malignant_melanoma",,,,
151,143,L,M,,,,,,,,,,,,,COSMIC,,,"hg38,11:46545728-46545728","hg38,11:g.46545728G>T",0.375,"central_nervous_system, brain",glioma,,,,
152,143,L,V,,,,,,,,,,,,,COSMIC,,,"hg38,11:46545728-46545728","hg38,11:g.46545728G>C",0.312,lung,"carcinoma, adenocarcinoma",,,,
153,144,A,,,,,,,,,,,,,,,,,,,,,,,,,
154,145,F,,,,,,,,,,,,,,,,,,,,,,,,,
155,146,H,P,,,,,,,,,,,,,COSMIC,,,"hg38,11:46545718-46545718","hg38,11:g.46545718T>G",0.767,breast,carcinoma,,,,
156,147,P,,,,,,,,,,,,,,,,,,,,,,,,,
157,148,T,M,,,,,,,,,,,,,COSMIC,,,"hg38,11:46545712-46545712","hg38,11:g.46545712G>A",0.580,prostate,"carcinoma, adenocarcinoma",,,,
158,149,A,D,,,,,,,,,,,,,COSMIC,,,"hg38,11:46545709-46545709","hg38,11:g.46545709G>T",0.256,skin,malignant_melanoma,,,,
159,150,Q,,,,,,,,,,,,,,,,,,,,,,,,,
160,151,L,,,,,,,,,,,,,,,,,,,,,,,,,
161,152,L,,,,,,,,,,,,,,,,,,,,,,,,,
162,153,L,,,,,,,,,,,,,,,,,,,,,,,,,
163,154,I,,,,,,,,,,,,,,,,,,,,,,,,,
164,155,A,,,,,,,,,,,,,,,,,,,,,,,,,
165,156,T,,,,,,,,,,,,,,,,,,,,,,,,,
166,157,A,V,,,,,,,,,,,,,COSMIC,,,"hg38,11:46545685-46545685","hg38,11:g.46545685G>A",0.251,"large_intestine, skin","carcinoma, adenocarcinoma, malignant_melanoma",,,,
167,158,N,,,,,,,,,,,,,,,,,,,,,,,,,
168,159,E,,,,,,,,,,,,,,,,,,,,,,,,,
169,160,I,,,,,,,,,,,,,,,,,,,,,,,,,
170,161,H,,,,,,,,,,,,,,,,,,,,,,,,,
171,162,F,,,,,,,,,,,,,,,,,,,,,,,,,
172,163,W,,,,,,,,,,,,,,,,,,,,,,,,,
173,164,D,,,,,,,,,,,,,,,,,,,,,,,,,
174,165,W,,,,,,,,,,,,,,,,,,,,,,,,,
175,166,S,,,,,,,,,,,,,,,,,,,,,,,,,
176,167,R,Q,,,,,,,,,,,,,COSMIC,,,"hg38,11:46545655-46545655","hg38,11:g.46545655C>T",0.378,"stomach, gastroesophageal_junction","carcinoma, adenocarcinoma",,,,
177,168,R,W,,,,,,,,,,,,,COSMIC,,,"hg38,11:46545653-46545653","hg38,11:g.46545653G>A",0.338,kidney,"carcinoma, clear_cell_renal_cell_carcinoma",,,,
178,169,E,,,,,,,,,,,,,,,,,,,,,,,,,
179,170,P,S,,,,,,,,,,,,,COSMIC,,,"hg38,11:46545647-46545647","hg38,11:g.46545647G>A",0.496,skin,malignant_melanoma,,,,
180,171,F,,,,,,,,,,,,,,,,,,,,,,,,,
181,172,A,D,,,,,,,,,,,,,COSMIC,,,"hg38,11:46545640-46545640","hg38,11:g.46545640G>T",0.213,liver,"other, neoplasm",,,,
182,172,A,V,,,,,,,,,,,,,COSMIC,,,"hg38,11:46545640-46545640","hg38,11:g.46545640G>A",0.035,large_intestine,"carcinoma, adenocarcinoma",,,,
183,173,V,,,,,,,,,,,,,,,,,,,,,,,,,
184,174,V,,,,,,,,,,,,,,,,,,,,,,,,,
185,175,K,,,,,,,,,,,,,,,,,,,,,,,,,
186,176,T,,,,,,,,,,,,,,,,,,,,,,,,,
187,177,A,,,,,,,,,,,,,,,,,,,,,,,,,
188,178,S,,,,,,,,,,,,,,,,,,,,,,,,,
189,179,E,,,,,,,,,,,,,,,,,,,,,,,,,
190,180,M,,,,,,,,,,,,,,,,,,,,,,,,,
191,181,E,,,,,,,,,,,,,,,,,,,,,,,,,
192,182,R,Q,,,,,,,,,,,,,COSMIC,,,"hg38,11:46545610-46545610","hg38,11:g.46545610C>T",0.293,breast,"carcinoma, basal_(triple-negative)_carcinoma",,,,
193,183,V,,,,,,,,,,,,,,,,,,,,,,,,,
194,184,R,C,,,,,,,,,,,,,COSMIC,,,"hg38,11:46545605-46545606","hg38,11:g.46545605_46545606delinsAA",,"skin, lip",malignant_melanoma,,,,
195,185,L,,,,,,,,,,,,,,,,,,,,,,,,,
196,186,V,M,,,,,,,,,,,,,COSMIC,,,"hg38,11:46544037-46544037","hg38,11:g.46544037C>T",0.437,skin,"carcinoma, basal_cell_carcinoma",,,,
197,187,R,S,,,,,,,,,,,,,COSMIC,,,"hg38,11:46544032-46544032","hg38,11:g.46544032T>A",0.378,"central_nervous_system, brain","glioma, astrocytoma_Grade_IV, glioblastoma_multiforme",,,,
198,188,F,,,,,,,,,,,,,,,,,,,,,,,,,
199,189,D,Y,,,,,,,,,,,,,COSMIC,,,"hg38,11:46544028-46544028","hg38,11:g.46544028C>A",0.604,"skin, extremity","malignant_melanoma, superficial_spreading",,,,
200,190,P,,,,,,,,,,,,,,,,,,,,,,,,,
201,191,L,,,,,,,,,,,,,,,,,,,,,,,,,
202,192,G,V,,,,,,,,,,,,,COSMIC,,,"hg38,11:46544018-46544018","hg38,11:g.46544018C>A",0.669,"large_intestine, colon, sigmoid","carcinoma, adenocarcinoma",,,,
203,193,H,,,,,,,,,,,,,,,,,,,,,,,,,
204,194,Y,H,,,,,,,,,,,,,COSMIC,,,"hg38,11:46544013-46544013","hg38,11:g.46544013A>G",0.241,large_intestine,"carcinoma, adenocarcinoma",,,,
205,195,L,,,,,,,,,,,,,,,,,,,,,,,,,
206,196,L,,,,,,,,,,,,,,,,,,,,,,,,,
207,197,T,,,,,,,,,,,,,,,,,,,,,,,,,
208,198,A,,,,,,,,,,,,,,,,,,,,,,,,,
209,199,I,,,,,,,,,,,,,,,,,,,,,,,,,
210,200,V,,,,,,,,,,,,,,,,,,,,,,,,,
211,201,N,,,,,,,,,,,,,,,,,,,,,,,,,
212,202,P,L,,,,,,,,,,,,,COSMIC,,,"hg38,11:46543988-46543988","hg38,11:g.46543988G>A",0.430,skin,"malignant_melanoma, amelanotic",,,,
213,203,S,,,,,,,,,,,,,,,,,,,,,,,,,
214,204,N,,,,,,,,,,,,,,,,,,,,,,,,,
215,205,Q,,,,,,,,,,,,,,,,,,,,,,,,,
216,206,Q,K,,,,,,,,,,,,,COSMIC,,,"hg38,11:46543977-46543977","hg38,11:g.46543977G>T",0.487,liver,"other, neoplasm",,,,
217,207,G,,,,,,,,,,,,,,,,,,,,,,,,,
218,208,D,,,,,,,,,,,,,,,,,,,,,,,,,
219,209,D,,,,,,,,,,,,,,,,,,,,,,,,,
220,210,E,K,,,,,,,,,,,,,COSMIC,,,"hg38,11:46543389-46543389","hg38,11:g.46543389C>T",0.301,"large_intestine, colon, ascending","carcinoma, adenocarcinoma",,,,
221,211,P,,,,,,,,,,,,,,,,,,,,,,,,,
222,212,E,,,,,,,,,,,,,,,,,,,,,,,,,
223,213,I,,,,,,,,,,,,,,,,,,,,,,,,,
224,214,P,S,,,,,,,,,,,,,COSMIC,,,"hg38,11:46543377-46543377","hg38,11:g.46543377G>A",0.124,"skin, skin, head_neck, skin, trunk","malignant_melanoma, malignant_melanoma, nodular",,,,
225,215,I,,,,,,,,,,,,,,,,,,,,,,,,,
226,216,D,H,,,,,,,,,,,,,COSMIC,,,"hg38,11:46543371-46543371","hg38,11:g.46543371C>G",0.403,"skin, head_neck","carcinoma, squamous_cell_carcinoma",,,,
227,216,D,N,,,,,,,,,,,,,COSMIC,,,"hg38,11:46543371-46543371","hg38,11:g.46543371C>T",0.224,"upper_aerodigestive_tract, head_neck","carcinoma, squamous_cell_carcinoma",,,,
228,217,G,V,,,,,,,,,,,,,COSMIC,,,"hg38,11:46543367-46543367","hg38,11:g.46543367C>A",0.200,endometrium,"carcinoma, endometrioid_carcinoma",,,,
229,218,T,,,,,,,,,,,,,,,,,,,,,,,,,
230,219,E,,,,,,,,,,,,,,,,,,,,,,,,,
231,220,L,,,,,,,,,,,,,,,,,,,,,,,,,
232,221,S,,,,,,,,,,,,,,,,,,,,,,,,,
233,222,H,,,,,,,,,,,,,,,,,,,,,,,,,
234,223,Y,,,,,,,,,,,,,,,,,,,,,,,,,
235,224,R,H,,,,,,,,,,,,,COSMIC,,,"hg38,11:46543346-46543346","hg38,11:g.46543346C>T",0.477,"soft_tissue, fibrous_tissue_and_uncertain_origin, gastrointestinal_tract_(site_indeterminate), stomach","carcinoma, adenocarcinoma, gastrointestinal_stromal_tumour",,,,
236,224,R,S,,,,,,,,,,,,,COSMIC,,,"hg38,11:46543347-46543347","hg38,11:g.46543347G>T",0.528,large_intestine,"carcinoma, adenocarcinoma",,,,
237,225,Q,H,,,,,,,,,,,,,COSMIC,,,"hg38,11:46543342-46543342","hg38,11:g.46543342C>A",0.277,lung,"carcinoma, squamous_cell_carcinoma",,,,
238,226,R,C,,,,,,,,,,,,,COSMIC,,,"hg38,11:46543341-46543341","hg38,11:g.46543341G>A",0.620,"large_intestine, rectum","carcinoma, adenocarcinoma",,,,
239,226,R,H,,,,,,,,,,,,,COSMIC,,,"hg38,11:46543340-46543340","hg38,11:g.46543340C>T",0.458,ovary,"carcinoma, serous_carcinoma",,,,
240,227,A,T,,,,,,,,,,,,,COSMIC,,,"hg38,11:46543338-46543338","hg38,11:g.46543338C>T",0.056,,malignant_melanoma,,,,
241,227,A,V,,,,,,,,,,,,,COSMIC,,,"hg38,11:46543336-46543337","hg38,11:g.46543336_46543337delinsAA",,"skin, lower_extremity","carcinoma, Merkel_cell_carcinoma",,,,
242,228,L,,,,,,,,,,,,,,,,,,,,,,,,,
243,229,L,,,,,,,,,,,,,,,,,,,,,,,,,
244,230,Q,,,,,,,,,,,,,,,,,,,,,,,,,
245,231,S,L,,,,,,,,,,,,,COSMIC,,,"hg38,11:46543325-46543325","hg38,11:g.46543325G>A",0.366,skin,malignant_melanoma,,,,
246,232,Q,,,,,,,,,,,,,,,,,,,,,,,,,
247,233,P,A,,,,,,,,,,,,,COSMIC,,,"hg38,11:46543320-46543320","hg38,11:g.46543320G>C",0.359,"biliary_tract, bile_duct",carcinoma,,,,
248,234,V,,,,,,,,,,,,,,,,,,,,,,,,,
249,235,R,H,,,,,,,,,,,,,COSMIC,,,"hg38,11:46543313-46543313","hg38,11:g.46543313C>T",0.453,stomach,"carcinoma, adenocarcinoma, carcinoma, intestinal_adenocarcinoma",,,,
250,236,R,,,,,,,,,,,,,,,,,,,,,,,,,
251,237,T,M,,,,,,,,,,,,,COSMIC,,,"hg38,11:46543307-46543307","hg38,11:g.46543307G>A",0.534,"large_intestine, rectum","carcinoma, adenocarcinoma",,,,
252,238,P,,,,,,,,,,,,,,,,,,,,,,,,,
253,239,L,,,,,,,,,,,,,,,,,,,,,,,,,
254,240,L,,,,,,,,,,,,,,,,,,,,,,,,,
255,241,H,,,,,,,,,,,,,,,,,,,,,,,,,
256,242,N,,,,,,,,,,,,,,,,,,,,,,,,,
257,243,F,,,,,,,,,,,,,,,,,,,,,,,,,
258,244,L,,,,,,,,,,,,,,,,,,,,,,,,,
259,245,H,,,,,,,,,,,,,,,,,,,,,,,,,
260,246,M,,,,,,,,,,,,,,,,,,,,,,,,,
261,247,L,,,,,,,,,,,,,,,,,,,,,,,,,
262,248,S,,,,,,,,,,,,,,,,,,,,,,,,,
263,249,S,,,,,,,,,,,,,,,,,,,,,,,,,
264,250,R,C,,,,,,,,,,,,,COSMIC,,,"hg38,11:46543269-46543269","hg38,11:g.46543269G>A",0.498,"large_intestine, colon, right","carcinoma, adenocarcinoma",,,,
265,251,S,F,,,,,,,,,,,,,COSMIC,,,"hg38,11:46543265-46543265","hg38,11:g.46543265G>A",0.332,skin,malignant_melanoma,,,,
266,252,S,,,,,,,,,,,,,,,,,,,,,,,,,
267,253,G,,,,,,,,,,,,,,,,,,,,,,,,,
268,254,I,,,,,,,,,,,,,,,,,,,,,,,,,
269,255,Q,H,,,,,,,,,,,,,COSMIC,,,"hg38,11:46543252-46543252","hg38,11:g.46543252C>A",0.234,oesophagus,"carcinoma, adenocarcinoma",,,,
270,256,V,,,,,,,,,,,,,,,,,,,,,,,,,
271,257,G,,,,,,,,,,,,,,,,,,,,,,,,,
272,258,E,,,,,,,,,,,,,,,,,,,,,,,,,
273,259,Q,,,,,,,,,,,,,,,,,,,,,,,,,
274,260,S,,,,,,,,,,,,,,,,,,,,,,,,,
275,261,T,,,,,,,,,,,,,,,,,,,,,,,,,
276,262,V,,,,,,,,,,,,,,,,,,,,,,,,,
277,263,Q,H,,,,,,,,,,,,,COSMIC,,,"hg38,11:46543228-46543228","hg38,11:g.46543228T>A",0.135,haematopoietic_and_lymphoid_tissue,"haematopoietic_neoplasm, acute_myeloid_leukaemia",,,,
278,264,D,,,,,,,,,,,,,,,,,,,,,,,,,
279,265,S,,,,,,,,,,,,,,,,,,,,,,,,,
280,266,A,,,,,,,,,,,,,,,,,,,,,,,,,
281,267,T,,,,,,,,,,,,,,,,,,,,,,,,,
282,268,P,,,,,,,,,,,,,,,,,,,,,,,,,
283,269,S,,,,,,,,,,,,,,,,,,,,,,,,,
284,270,P,,,,,,,,,,,,,,,,,,,,,,,,,
285,271,P,,,,,,,,,,,,,,,,,,,,,,,,,
286,272,P,L,,,,,,,,,,,,,COSMIC,,,"hg38,11:46543202-46543202","hg38,11:g.46543202G>A",0.179,"large_intestine, colon","carcinoma, adenocarcinoma",,,,
287,273,P,,,,,,,,,,,,,,,,,,,,,,,,,
288,274,P,L,,,,,,,,,,,,,COSMIC,,,"hg38,11:46543196-46543196","hg38,11:g.46543196G>A",0.109,"skin, trunk","malignant_melanoma, desmoplastic",,,,
289,275,P,,,,,,,,,,,,,,,,,,,,,,,,,
290,276,Q,P,,,,,,,,,,,,,COSMIC,,,"hg38,11:46543190-46543190","hg38,11:g.46543190T>G",0.057,stomach,"carcinoma, adenocarcinoma",,,,
291,277,P,,,,,,,,,,,,,,,,,,,,,,,,,
292,278,S,P,,,,,,,,,,,,,COSMIC,,,"hg38,11:46543185-46543185","hg38,11:g.46543185A>G",0.172,"stomach, gastroesophageal_junction","carcinoma, adenocarcinoma",,,,
293,279,T,P,,,,,,,,,,,,,COSMIC,,,"hg38,11:46543182-46543182","hg38,11:g.46543182T>G",0.186,stomach,"carcinoma, adenocarcinoma",,,,
294,280,E,G,,,,,,,,,,,,,COSMIC,,,"hg38,11:46543178-46543178","hg38,11:g.46543178T>C",0.082,stomach,"carcinoma, adenocarcinoma",,,,
295,281,R,,,,,,,,,,,,,,,,,,,,,,,,,
296,282,P,,,,,,,,,,,,,,,,,,,,,,,,,
297,283,R,,,,,,,,,,,,,,,,,,,,,,,,,
298,284,T,,,,,,,,,,,,,,,,,,,,,,,,,
299,285,S,,,,,,,,,,,,,,,,,,,,,,,,,
300,286,A,P,,,,,,,,,,,,,COSMIC,,,"hg38,11:46543161-46543161","hg38,11:g.46543161C>G",0.078,stomach,"carcinoma, adenocarcinoma",,,,
301,287,Y,,,,,,,,,,,,,,,,,,,,,,,,,
302,288,I,,,,,,,,,,,,,,,,,,,,,,,,,
303,289,R,,,,,,,,,,,,,,,,,,,,,,,,,
304,290,L,P,,,,,,,,,,,,,COSMIC,,,"hg38,11:46543148-46543148","hg38,11:g.46543148A>G",0.322,"stomach, gastroesophageal_junction","carcinoma, adenocarcinoma",,,,
305,291,R,,,,,,,,,,,,,,,,,,,,,,,,,
306,292,Q,,,,,,,,,,,,,,,,,,,,,,,,,
307,293,R,L,,,,,,,,,,,,,COSMIC,,,"hg38,11:46543139-46543139","hg38,11:g.46543139C>A",0.188,"skin, shoulder","carcinoma, squamous_cell_carcinoma",,,,
308,294,V,,,,,,,,,,,,,,,,,,,,,,,,,
309,295,S,,,,,,,,,,,,,,,,,,,,,,,,,
310,296,Y,D,,,,,,,,,,,,,COSMIC,,,"hg38,11:46543131-46543131","hg38,11:g.46543131A>C",0.286,large_intestine,"carcinoma, adenocarcinoma",,,,
311,297,P,,,,,,,,,,,,,,,,,,,,,,,,,
312,298,T,,,,,,,,,,,,,,,,,,,,,,,,,
313,299,A,,,,,,,,,,,,,,,,,,,,,,,,,
314,300,E,,,,,,,,,,,,,,,,,,,,,,,,,
315,301,C,,,,,,,,,,,,,,,,,,,,,,,,,
316,302,C,,,,,,,,,,,,,,,,,,,,,,,,,
317,303,Q,,,,,,,,,,,,,,,,,,,,,,,,,
318,304,H,,,,,,,,,,,,,,,,,,,,,,,,,
319,305,L,F,,,,,,,,,,,,,COSMIC,,,"hg38,11:46543104-46543104","hg38,11:g.46543104G>A",0.117,skin,malignant_melanoma,,,,
320,306,G,W,,,,,,,,,,,,,COSMIC,,,"hg38,11:46543101-46543101","hg38,11:g.46543101C>A",0.352,placenta,choriocarcinoma,,,,
321,307,I,,,,,,,,,,,,,,,,,,,,,,,,,
322,308,L,,,,,,,,,,,,,,,,,,,,,,,,,
323,309,C,,,,,,,,,,,,,,,,,,,,,,,,,
324,310,L,F,,,,,,,,,,,,,COSMIC,,,"hg38,11:46543089-46543089","hg38,11:g.46543089G>A",0.322,skin,malignant_melanoma,,,,
325,311,C,F,,,,,,,,,,,,,COSMIC,,,"hg38,11:46543085-46543085","hg38,11:g.46543085C>A",0.622,autonomic_ganglia,neuroblastoma,,,,
326,312,S,,,,,,,,,,,,,,,,,,,,,,,,,
327,313,R,H,,,,,,,,,,,,,COSMIC,,,"hg38,11:46543079-46543079","hg38,11:g.46543079C>T",0.059,"central_nervous_system, brain","glioma, astrocytoma_Grade_IV, glioblastoma_multiforme",,,,
328,314,C,,,,,,,,,,,,,,,,,,,,,,,,,
329,315,S,,,,,,,,,,,,,,,,,,,,,,,,,
330,316,G,,,,,,,,,,,,,,,,,,,,,,,,,
331,317,T,,,,,,,,,,,,,,,,,,,,,,,,,
332,318,R,Q,,,,,,,,,,,,,COSMIC,,,"hg38,11:46543064-46543064","hg38,11:g.46543064C>T",0.255,"skin, extremity",malignant_melanoma,,,,
333,319,V,,,,,,,,,,,,,,,,,,,,,,,,,
334,320,P,,,,,,,,,,,,,,,,,,,,,,,,,
335,321,S,,,,,,,,,,,,,,,,,,,,,,,,,
336,322,L,I,,,,,,,,,,,,,COSMIC,,,"hg38,11:46543053-46543053","hg38,11:g.46543053G>T",0.113,lung,"carcinoma, squamous_cell_carcinoma",,,,
337,323,L,,,,,,,,,,,,,,,,,,,,,,,,,
338,324,P,,,,,,,,,,,,,,,,,,,,,,,,,
339,325,H,,,,,,,,,,,,,,,,,,,,,,,,,
340,326,Q,,,,,,,,,,,,,,,,,,,,,,,,,
341,327,D,,,,,,,,,,,,,,,,,,,,,,,,,
342,328,S,,,,,,,,,,,,,,,,,,,,,,,,,
343,329,V,,,,,,,,,,,,,,,,,,,,,,,,,
344,330,P,,,,,,,,,,,,,,,,,,,,,,,,,
345,331,P,,,,,,,,,,,,,,,,,,,,,,,,,
346,332,A,,,,,,,,,,,,,,,,,,,,,,,,,
347,333,S,C,,,,,,,,,,,,,COSMIC,,,"hg38,11:46543019-46543019","hg38,11:g.46543019G>C",0.156,,,,,,
348,334,A,,,,,,,,,,,,,,,,,,,,,,,,,
349,335,R,,,,,,,,,,,,,,,,,,,,,,,,,
350,336,A,,,,,,,,,,,,,,,,,,,,,,,,,
351,337,T,,,,,,,,,,,,,,,,,,,,,,,,,
352,338,T,,,,,,,,,,,,,,,,,,,,,,,,,
353,339,P,,,,,,,,,,,,,,,,,,,,,,,,,
354,340,S,,,,,,,,,,,,,,,,,,,,,,,,,
355,341,F,,,,,,,,,,,,,,,,,,,,,,,,,
356,342,S,,,,,,,,,,,,,,,,,,,,,,,,,
357,343,F,,,,,,,,,,,,,,,,,,,,,,,,,
358,344,V,,,,,,,,,,,,,,,,,,,,,,,,,
359,345,Q,,,,,,,,,,,,,,,,,,,,,,,,,
360,346,T,,,,,,,,,,,,,,,,,,,,,,,,,
361,347,E,K,,,,,,,,,,,,,COSMIC,,,"hg38,11:46542978-46542978","hg38,11:g.46542978C>T",0.326,endometrium,"carcinoma, endometrioid_carcinoma",,,,
362,348,P,S,,,,,,,,,,,,,COSMIC,,,"hg38,11:46542975-46542975","hg38,11:g.46542975G>A",0.322,skin,malignant_melanoma,,,,
363,349,F,,,,,,,,,,,,,,,,,,,,,,,,,
364,350,H,,,,,,,,,,,,,,,,,,,,,,,,,
365,351,P,,,,,,,,,,,,,,,,,,,,,,,,,
366,352,P,,,,,,,,,,,,,,,,,,,,,,,,,
367,353,E,,,,,,,,,,,,,,,,,,,,,,,,,
368,354,Q,,,,,,,,,,,,,,,,,,,,,,,,,
369,355,A,,,,,,,,,,,,,,,,,,,,,,,,,
370,356,S,,,,,,,,,,,,,,,,,,,,,,,,,
371,357,S,,,,,,,,,,,,,,,,,,,,,,,,,
372,358,T,M,,,,,,,,,,,,,COSMIC,,,"hg38,11:46542944-46542944","hg38,11:g.46542944G>A",0.096,large_intestine,"carcinoma, adenocarcinoma",,,,
373,359,Q,,,,,,,,,,,,,,,,,,,,,,,,,
374,360,Q,R,,,,,,,,,,,,,COSMIC,,,"hg38,11:46542938-46542938","hg38,11:g.46542938T>C",0.111,liver,carcinoma,,,,
375,361,D,,,,,,,,,,,,,,,,,,,,,,,,,
376,362,Q,,,,,,,,,,,,,,,,,,,,,,,,,
377,363,G,D,,,,,,,,,,,,,COSMIC,,,"hg38,11:46542929-46542929","hg38,11:g.46542929C>T",0.338,,malignant_melanoma,,,,
378,364,L,F,,,,,,,,,,,,,COSMIC,,,"hg38,11:46542927-46542927","hg38,11:g.46542927G>A",0.117,"oesophagus, skin, extremity","carcinoma, squamous_cell_carcinoma, malignant_melanoma",,,,
379,365,L,,,,,,,,,,,,,,,,,,,,,,,,,
380,366,N,,,,,,,,,,,,,,,,,,,,,,,,,
381,367,R,W,,,,,,,,,,,,,COSMIC,,,"hg38,11:46542918-46542918","hg38,11:g.46542918G>A",0.468,"large_intestine, stomach","carcinoma, carcinoma, adenocarcinoma",,,,
382,368,P,,,,,,,,,,,,,,,,,,,,,,,,,
383,369,S,,,,,,,,,,,,,,,,,,,,,,,,,
384,370,A,,,,,,,,,,,,,,,,,,,,,,,,,
385,371,F,,,,,,,,,,,,,,,,,,,,,,,,,
386,372,S,G,,,,,,,,,,,,,COSMIC,,,"hg38,11:46542903-46542903","hg38,11:g.46542903T>C",0.338,stomach,"carcinoma, adenocarcinoma",,,,
387,373,T,,,,,,,,,,,,,,,,,,,,,,,,,
388,374,V,,,,,,,,,,,,,,,,,,,,,,,,,
389,375,Q,,,,,,,,,,,,,,,,,,,,,,,,,
390,376,S,,,,,,,,,,,,,,,,,,,,,,,,,
391,377,S,,,,,,,,,,,,,,,,,,,,,,,,,
392,378,T,,,,,,,,,,,,,,,,,,,,,,,,,
393,379,A,,,,,,,,,,,,,,,,,,,,,,,,,
394,380,G,D,,,,,,,,,,,,,COSMIC,,,"hg38,11:46542878-46542878","hg38,11:g.46542878C>T",0.293,"skin, head_neck",malignant_melanoma,,,,
395,381,N,I,,,,,,,,,,,,,COSMIC,,,"hg38,11:46542875-46542875","hg38,11:g.46542875T>A",0.407,large_intestine,"carcinoma, adenocarcinoma",,,,
396,382,T,,,,,,,,,,,,,,,,,,,,,,,,,
397,383,L,,,,,,,,,,,,,,,,,,,,,,,,,
398,384,R,H,,,,,,,,,,,,,COSMIC,,,"hg38,11:46542866-46542866","hg38,11:g.46542866C>T",0.300,"large_intestine, oesophagus, oesophagus, middle_third","carcinoma, adenocarcinoma, carcinoma, squamous_cell_carcinoma",,,,
399,385,N,,,,,,,,,,,,,,,,,,,,,,,,,
400,386,L,,,,,,,,,,,,,,,,,,,,,,,,,
401,387,S,,,,,,,,,,,,,,,,,,,,,,,,,
402,388,L,,,,,,,,,,,,,,,,,,,,,,,,,
403,389,G,,,,,,,,,,,,,,,,,,,,,,,,,
404,390,P,,,,,,,,,,,,,,,,,,,,,,,,,
405,391,T,,,,,,,,,,,,,,,,,,,,,,,,,
406,392,R,H,,,,,,,,,,,,,COSMIC,,,"hg38,11:46542842-46542842","hg38,11:g.46542842C>T",0.291,large_intestine,"carcinoma, adenocarcinoma",,,,
407,393,R,H,,,,,,,,,,,,,COSMIC,,,"hg38,11:46542839-46542839","hg38,11:g.46542839C>T",0.346,"autonomic_ganglia, endometrium, prostate","carcinoma, adenocarcinoma, hyperplasia, atypical, neuroblastoma",,,,
408,394,S,,,,,,,,,,,,,,,,,,,,,,,,,
409,395,L,F,,,,,,,,,,,,,COSMIC,,,"hg38,11:46542832-46542832","hg38,11:g.46542832C>A",0.276,oesophagus,"carcinoma, squamous_cell_carcinoma",,,,
410,396,G,,,,,,,,,,,,,,,,,,,,,,,,,
411,397,G,,,,,,,,,,,,,,,,,,,,,,,,,
412,398,P,,,,,,,,,,,,,,,,,,,,,,,,,
413,399,L,,,,,,,,,,,,,,,,,,,,,,,,,
414,400,S,C,,,,,,,,,,,,,COSMIC,,,"hg38,11:46542818-46542818","hg38,11:g.46542818G>C",0.270,"endometrium, skin, mucosal, anorectal","carcinoma, endometrioid_carcinoma, malignant_melanoma",,,,
415,401,S,,,,,,,,,,,,,,,,,,,,,,,,,
416,402,H,,,,,,,,,,,,,,,,,,,,,,,,,
417,403,P,S,,,,,,,,,,,,,COSMIC,,,"hg38,11:46542810-46542810","hg38,11:g.46542810G>A",0.116,skin,malignant_melanoma,,,,
418,404,S,,,,,,,,,,,,,,,,,,,,,,,,,
419,405,R,,,,,,,,,,,,,,,,,,,,,,,,,
420,406,Y,,,,,,,,,,,,,,,,,,,,,,,,,
421,407,H,Y,,,,,,,,,,,,,COSMIC,,,"hg38,11:46542798-46542798","hg38,11:g.46542798G>A",0.275,lung,"carcinoma, squamous_cell_carcinoma",,,,
422,408,R,,,,,,,,,,,,,,,,,,,,,,,,,
423,409,E,,,,,,,,,,,,,,,,,,,,,,,,,
424,410,I,,,,,,,,,,,,,,,,,,,,,,,,,
425,411,A,,,,,,,,,,,,,,,,,,,,,,,,,
426,412,P,H,,,,,,,,,,,,,COSMIC,,,"hg38,11:46542782-46542782","hg38,11:g.46542782G>T",0.213,large_intestine,"carcinoma, adenocarcinoma",,,,
427,413,G,V,,,,,,,,,,,,,COSMIC,,,"hg38,11:46542779-46542779","hg38,11:g.46542779C>A",0.335,stomach,"carcinoma, adenocarcinoma",,,,
428,414,L,,,,,,,,,,,,,,,,,,,,,,,,,
429,415,T,,,,,,,,,,,,,,,,,,,,,,,,,
430,416,G,,,,,,,,,,,,,,,,,,,,,,,,,
431,417,S,A,,,,,,,,,,,,,COSMIC,,,"hg38,11:46542768-46542768","hg38,11:g.46542768A>C",0.068,stomach,"carcinoma, adenocarcinoma",,,,
432,417,S,F,,,,,,,,,,,,,COSMIC,,,"hg38,11:46542767-46542767","hg38,11:g.46542767G>A",0.468,skin,"carcinoma, basal_cell_carcinoma",,,,
433,418,E,K,,,,,,,,,,,,,COSMIC,,,"hg38,11:46542765-46542765","hg38,11:g.46542765C>T",0.276,ovary,"carcinoma, serous_carcinoma",,,,
434,418,E,Q,,,,,,,,,,,,,COSMIC,,,"hg38,11:46542765-46542765","hg38,11:g.46542765C>G",0.162,cervix,"carcinoma, squamous_cell_carcinoma",,,,
435,419,W,,,,,,,,,,,,,,,,,,,,,,,,,
436,420,T,,,,,,,,,,,,,,,,,,,,,,,,,
437,421,R,Q,,,,,,,,,,,,,COSMIC,,,"hg38,11:46542755-46542755","hg38,11:g.46542755C>T",0.358,"haematopoietic_and_lymphoid_tissue, skin","lymphoid_neoplasm, NK-T_cell_lymphoma, malignant_melanoma",,,,
438,422,T,,,,,,,,,,,,,,,,,,,,,,,,,
439,423,V,,,,,,,,,,,,,,,,,,,,,,,,,
440,424,L,,,,,,,,,,,,,,,,,,,,,,,,,
441,425,S,,,,,,,,,,,,,,,,,,,,,,,,,
442,426,L,,,,,,,,,,,,,,,,,,,,,,,,,
443,427,N,,,,,,,,,,,,,,,,,,,,,,,,,
444,428,S,,,,,,,,,,,,,,,,,,,,,,,,,
445,429,R,,,,,,,,,,,,,,,,,,,,,,,,,
446,430,S,Y,,,,,,,,,,,,,COSMIC,,,"hg38,11:46542728-46542728","hg38,11:g.46542728G>T",0.245,skin,malignant_melanoma,,,,
447,431,E,,,,,,,,,,,,,,,,,,,,,,,,,
448,432,A,,,,,,,,,,,,,,,,,,,,,,,,,
449,433,E,,,,,,,,,,,,,,,,,,,,,,,,,
450,434,S,F,,,,,,,,,,,,,COSMIC,,,"hg38,11:46542716-46542716","hg38,11:g.46542716G>A",0.128,skin,"carcinoma, basal_cell_carcinoma",,,,
451,435,M,,,,,,,,,,,,,,,,,,,,,,,,,
452,436,P,,,,,,,,,,,,,,,,,,,,,,,,,
453,437,P,L,,,,,,,,,,,,,COSMIC,,,"hg38,11:46542707-46542707","hg38,11:g.46542707G>A",0.475,"large_intestine, stomach","carcinoma, adenocarcinoma",,,,
454,438,P,,,,,,,,,,,,,,,,,,,,,,,,,
455,439,R,,,,,,,,,,,,,,,,,,,,,,,,,
456,440,T,,,,,,,,,,,,,,,,,,,,,,,,,
457,441,S,,,,,,,,,,,,,,,,,,,,,,,,,
458,442,A,,,,,,,,,,,,,,,,,,,,,,,,,
459,443,S,,,,,,,,,,,,,,,,,,,,,,,,,
460,444,S,L,,,,,,,,,,,,,COSMIC,,,"hg38,11:46542686-46542686","hg38,11:g.46542686G>A",0.464,"cervix, endometrium, skin","carcinoma, basal_cell_carcinoma, carcinoma, endometrioid_carcinoma, carcinoma, squamous_cell_carcinoma",,,,
461,444,S,W,,,,,,,,,,,,,COSMIC,,,"hg38,11:46542686-46542686","hg38,11:g.46542686G>C",0.539,stomach,carcinoma,,,,
462,445,V,M,,,,,,,,,,,,,COSMIC,,,"hg38,11:46542684-46542684","hg38,11:g.46542684C>T",0.283,haematopoietic_and_lymphoid_tissue,"lymphoid_neoplasm, plasma_cell_myeloma",,,,
463,446,S,,,,,,,,,,,,,,,,,,,,,,,,,
464,447,L,,,,,,,,,,,,,,,,,,,,,,,,,
465,448,L,,,,,,,,,,,,,,,,,,,,,,,,,
466,449,S,,,,,,,,,,,,,,,,,,,,,,,,,
467,450,V,,,,,,,,,,,,,,,,,,,,,,,,,
468,451,L,,,,,,,,,,,,,,,,,,,,,,,,,
469,452,R,,,,,,,,,,,,,,,,,,,,,,,,,
470,453,Q,,,,,,,,,,,,,,,,,,,,,,,,,
471,454,Q,,,,,,,,,,,,,,,,,,,,,,,,,
472,455,E,,,,,,,,,,,,,,,,,,,,,,,,,
473,456,G,,,,,,,,,,,,,,,,,,,,,,,,,
474,457,G,,,,,,,,,,,,,,,,,,,,,,,,,
475,458,S,,,,,,,,,,,,,,,,,,,,,,,,,
476,459,Q,K,,,,,,,,,,,,,COSMIC,,,"hg38,11:46542642-46542642","hg38,11:g.46542642G>T",0.194,kidney,"carcinoma, clear_cell_renal_cell_carcinoma",,,,
477,459,Q,R,,,,,,,,,,,,,COSMIC,,,"hg38,11:46542641-46542641","hg38,11:g.46542641T>C",0.084,stomach,"carcinoma, adenocarcinoma",,,,
478,460,A,,,,,,,,,,,,,,,,,,,,,,,,,
479,461,S,,,,,,,,,,,,,,,,,,,,,,,,,
480,462,V,,,,,,,,,,,,,,,,,,,,,,,,,
481,463,Y,C,,,,,,,,,,,,,COSMIC,,,"hg38,11:46542629-46542629","hg38,11:g.46542629T>C",0.543,large_intestine,"carcinoma, adenocarcinoma",,,,
482,464,T,A,,,,,,,,,,,,,COSMIC,,,"hg38,11:46542627-46542627","hg38,11:g.46542627T>C",0.324,endometrium,"carcinoma, endometrioid_carcinoma",,,,
483,465,S,,,,,,,,,,,,,,,,,,,,,,,,,
484,466,A,,,,,,,,,,,,,,,,,,,,,,,,,
485,467,T,,,,,,,,,,,,,,,,,,,,,,,,,
486,468,E,,,,,,,,,,,,,,,,,,,,,,,,,
487,469,G,R,,,,,,,,,,,,,COSMIC,,,"hg38,11:46542612-46542612","hg38,11:g.46542612C>T",0.241,skin,"malignant_melanoma, acral_lentiginous",,,,
488,470,R,M,,,,,,,,,,,,,COSMIC,,,"hg38,11:46542608-46542608","hg38,11:g.46542608C>A",0.363,endometrium,"carcinoma, endometrioid_carcinoma",,,,
489,471,G,,,,,,,,,,,,,,,,,,,,,,,,,
490,472,F,,,,,,,,,,,,,,,,,,,,,,,,,
491,473,P,,,,,,,,,,,,,,,,,,,,,,,,,
492,474,A,,,,,,,,,,,,,,,,,,,,,,,,,
493,475,S,,,,,,,,,,,,,,,,,,,,,,,,,
494,476,G,,,,,,,,,,,,,,,,,,,,,,,,,
495,477,L,,,,,,,,,,,,,,,,,,,,,,,,,
496,478,A,,,,,,,,,,,,,,,,,,,,,,,,,
497,479,T,I,,,,,,,,,,,,,COSMIC,,,"hg38,11:46542581-46542581","hg38,11:g.46542581G>A",0.099,skin,malignant_melanoma,,,,
498,480,E,,,,,,,,,,,,,,,,,,,,,,,,,
499,481,S,,,,,,,,,,,,,,,,,,,,,,,,,
500,482,D,,,,,,,,,,,,,,,,,,,,,,,,,
501,483,G,,,,,,,,,,,,,,,,,,,,,,,,,
502,484,G,,,,,,,,,,,,,,,,,,,,,,,,,
503,485,N,,,,,,,,,,,,,,,,,,,,,,,,,
504,486,G,,,,,,,,,,,,,,,,,,,,,,,,,
505,487,S,,,,,,,,,,,,,,,,,,,,,,,,,
506,488,S,,,,,,,,,,,,,,,,,,,,,,,,,
507,489,Q,,,,,,,,,,,,,,,,,,,,,,,,,
508,490,N,,,,,,,,,,,,,,,,,,,,,,,,,
509,491,N,,,,,,,,,,,,,,,,,,,,,,,,,
510,492,S,W,,,,,,,,,,,,,COSMIC,,,"hg38,11:46542542-46542542","hg38,11:g.46542542G>C",0.318,"upper_aerodigestive_tract, head_neck","carcinoma, squamous_cell_carcinoma",,,,
511,493,G,,,,,,,,,,,,,,,,,,,,,,,,,
512,494,S,,,,,,,,,,,,,,,,,,,,,,,,,
513,495,I,,,,,,,,,,,,,,,,,,,,,,,,,
514,496,R,C,,,,,,,,,,,,,COSMIC,,,"hg38,11:46542531-46542531","hg38,11:g.46542531G>A",0.499,"skin, head_neck","carcinoma, squamous_cell_carcinoma",,,,
515,496,R,H,,,,,,,,,,,,,COSMIC,,,"hg38,11:46542530-46542530","hg38,11:g.46542530C>T",0.281,"large_intestine, upper_aerodigestive_tract, pharynx, nasopharynx","carcinoma, adenocarcinoma, carcinoma, nasopharyngeal_carcinoma",,,,
516,497,H,N,,,,,,,,,,,,,COSMIC,,,"hg38,11:46542528-46542528","hg38,11:g.46542528G>T",0.085,"central_nervous_system, brain",primitive_neuroectodermal_tumour-medulloblastoma,,,,
517,498,E,,,,,,,,,,,,,,,,,,,,,,,,,
518,499,L,,,,,,,,,,,,,,,,,,,,,,,,,
519,500,Q,L,,,,,,,,,,,,,COSMIC,,,"hg38,11:46542518-46542518","hg38,11:g.46542518T>A",0.415,"large_intestine, colon, ascending","carcinoma, adenocarcinoma",,,,
520,500,Q,R,,,,,,,,,,,,,COSMIC,,,"hg38,11:46542518-46542518","hg38,11:g.46542518T>C",0.216,lung,"carcinoma, small_cell_carcinoma",,,,
521,501,C,,,,,,,,,,,,,,,,,,,,,,,,,
522,502,D,,,,,,,,,,,,,,,,,,,,,,,,,
523,503,L,P,,,,,,,,,,,,,COSMIC,,,"hg38,11:46542509-46542509","hg38,11:g.46542509A>G",0.646,stomach,"carcinoma, adenocarcinoma",,,,
524,504,R,,,,,,,,,,,,,,,,,,,,,,,,,
525,505,R,C,,,,,,,,,,,,,COSMIC,,,"hg38,11:46542504-46542504","hg38,11:g.46542504G>A",0.647,"central_nervous_system, brain","glioma, astrocytoma_Grade_IV, glioblastoma_multiforme",,,,
526,506,F,,,,,,,,,,,,,,,,,,,,,,,,,
527,507,F,,,,,,,,,,,,,,,,,,,,,,,,,
528,508,L,,,,,,,,,,,,,,,,,,,,,,,,,
529,509,E,,,,,,,,,,,,,,,,,,,,,,,,,
530,510,Y,,,,,,,,,,,,,,,,,,,,,,,,,
531,511,D,G,,,,,,,,,,,,,COSMIC,,,"hg38,11:46542485-46542485","hg38,11:g.46542485T>C",0.415,stomach,"carcinoma, adenocarcinoma",,,,
532,512,R,,,,,,,,,,,,,,,,,,,,,,,,,
533,513,L,,,,,,,,,,,,,,,,,,,,,,,,,
534,514,Q,,,,,,,,,,,,,,,,,,,,,,,,,
535,515,E,K,,,,,,,,,,,,,COSMIC,,,"hg38,11:46542474-46542474","hg38,11:g.46542474C>T",0.387,"urinary_tract, bladder","carcinoma, transitional_cell_carcinoma",,,,
536,516,L,,,,,,,,,,,,,,,,,,,,,,,,,
537,517,D,H,,,,,,,,,,,,,COSMIC,,,"hg38,11:46542468-46542468","hg38,11:g.46542468C>G",0.445,skin,"benign_melanocytic_nevus, dysplastic",,,,
538,517,D,Y,,,,,,,,,,,,,COSMIC,,,"hg38,11:46542468-46542468","hg38,11:g.46542468C>A",0.455,lung,"carcinoma, small_cell_carcinoma",,,,
539,518,Q,,,,,,,,,,,,,,,,,,,,,,,,,
540,519,S,,,,,,,,,,,,,,,,,,,,,,,,,
541,520,L,,,,,,,,,,,,,,,,,,,,,,,,,
542,521,S,,,,,,,,,,,,,,,,,,,,,,,,,
543,522,G,V,,,,,,,,,,,,,COSMIC,,,"hg38,11:46542452-46542452","hg38,11:g.46542452C>A",0.438,"urinary_tract, bladder",carcinoma,,,,
544,523,E,K,,,,,,,,,,,,,COSMIC,,,"hg38,11:46542450-46542450","hg38,11:g.46542450C>T",0.176,"skin, arm","carcinoma, squamous_cell_carcinoma",,,,
545,524,A,,,,,,,,,,,,,,,,,,,,,,,,,
546,525,P,L,,,,,,,,,,,,,COSMIC,,,"hg38,11:46542443-46542443","hg38,11:g.46542443G>A",0.083,skin,"carcinoma, basal_cell_carcinoma",,,,
547,525,P,S,,,,,,,,,,,,,COSMIC,,,"hg38,11:46542444-46542444","hg38,11:g.46542444G>A",0.117,"haematopoietic_and_lymphoid_tissue, abdomen","lymphoid_neoplasm, Burkitt_lymphoma, endemic_variant",,,,
548,526,Q,,,,,,,,,,,,,,,,,,,,,,,,,
549,527,T,,,,,,,,,,,,,,,,,,,,,,,,,
550,528,Q,,,,,,,,,,,,,,,,,,,,,,,,,
551,529,Q,,,,,,,,,,,,,,,,,,,,,,,,,
552,530,A,,,,,,,,,,,,,,,,,,,,,,,,,
553,531,Q,L,,,,,,,,,,,,,COSMIC,,,"hg38,11:46542425-46542425","hg38,11:g.46542425T>A",0.445,"large_intestine, colon, ascending","carcinoma, adenocarcinoma",,,,
554,532,E,,,,,,,,,,,,,,,,,,,,,,,,,
555,533,M,,,,,,,,,,,,,,,,,,,,,,,,,
556,534,L,,,,,,,,,,,,,,,,,,,,,,,,,
557,535,N,,,,,,,,,,,,,,,,,,,,,,,,,
558,536,N,,,,,,,,,,,,,,,,,,,,,,,,,
559,537,N,,,,,,,,,,,,,,,,,,,,,,,,,
560,538,I,,,,,,,,,,,,,,,,,,,,,,,,,
561,539,E,K,,,,,,,,,,,,,COSMIC,,,"hg38,11:46542402-46542402","hg38,11:g.46542402C>T",0.405,"urinary_tract, bladder",carcinoma,,,,
562,540,S,,,,,,,,,,,,,,,,,,,,,,,,,
563,541,E,K,,,,,,,,,,,,,COSMIC,,,"hg38,11:46542396-46542396","hg38,11:g.46542396C>T",0.257,"urinary_tract, bladder",carcinoma,,,,
564,541,E,Q,,,,,,,,,,,,,COSMIC,,,"hg38,11:46542396-46542396","hg38,11:g.46542396C>G",0.223,endometrium,"carcinoma, endometrioid_carcinoma",,,,
565,542,R,,,,,,,,,,,,,,,,,,,,,,,,,
566,543,P,,,,,,,,,,,,,,,,,,,,,,,,,
567,544,G,,,,,,,,,,,,,,,,,,,,,,,,,
568,545,P,,,,,,,,,,,,,,,,,,,,,,,,,
569,546,S,,,,,,,,,,,,,,,,,,,,,,,,,
570,547,H,Y,,,,,,,,,,,,,COSMIC,,,"hg38,11:46542378-46542378","hg38,11:g.46542378G>A",0.398,skin,"carcinoma, basal_cell_carcinoma",,,,
571,548,Q,,,,,,,,,,,,,,,,,,,,,,,,,
572,549,P,,,,,,,,,,,,,,,,,,,,,,,,,
573,550,T,P,,,,,,,,,,,,,COSMIC,,,"hg38,11:46542369-46542369","hg38,11:g.46542369T>G",0.306,breast,carcinoma,,,,
574,551,P,,,,,,,,,,,,,,,,,,,,,,,,,
575,552,H,,,,,,,,,,,,,,,,,,,,,,,,,
576,553,S,N,,,,,,,,,,,,,COSMIC,,,"hg38,11:46542359-46542359","hg38,11:g.46542359C>T",0.171,stomach,carcinoma,,,,
577,554,S,,,,,,,,,,,,,,,,,,,,,,,,,
578,555,E,,,,,,,,,,,,,,,,,,,,,,,,,
579,556,N,,,,,,,,,,,,,,,,,,,,,,,,,
580,557,N,,,,,,,,,,,,,,,,,,,,,,,,,
581,558,S,,,,,,,,,,,,,,,,,,,,,,,,,
582,559,N,,,,,,,,,,,,,,,,,,,,,,,,,
583,560,L,M,,,,,,,,,,,,,COSMIC,,,"hg38,11:46542339-46542339","hg38,11:g.46542339G>T",0.184,"large_intestine, colon, ascending","carcinoma, adenocarcinoma",,,,
584,561,S,,,,,,,,,,,,,,,,,,,,,,,,,
585,562,R,C,,,,,,,,,,,,,COSMIC,,,"hg38,11:46542333-46542333","hg38,11:g.46542333G>A",0.407,"upper_aerodigestive_tract, pharynx, nasopharynx","carcinoma, nasopharyngeal_carcinoma",,,,
586,563,G,,,,,,,,,,,,,,,,,,,,,,,,,
587,564,H,,,,,,,,,,,,,,,,,,,,,,,,,
588,565,L,,,,,,,,,,,,,,,,,,,,,,,,,
589,566,N,,,,,,,,,,,,,,,,,,,,,,,,,
590,567,R,C,,,,,,,,,,,,,COSMIC,,,"hg38,11:46542318-46542318","hg38,11:g.46542318G>A",0.570,skin,malignant_melanoma,,,,
591,568,C,,,,,,,,,,,,,,,,,,,,,,,,,
592,569,R,C,,,,,,,,,,,,,COSMIC,,,"hg38,11:46542312-46542312","hg38,11:g.46542312G>A",0.605,"urinary_tract, bladder","carcinoma, carcinoma, transitional_cell_carcinoma",,,,
593,570,A,,,,,,,,,,,,,,,,,,,,,,,,,
594,571,C,,,,,,,,,,,,,,,,,,,,,,,,,
595,572,H,,,,,,,,,,,,,,,,,,,,,,,,,
596,573,N,,,,,,,,,,,,,,,,,,,,,,,,,
597,574,L,,,,,,,,,,,,,,,,,,,,,,,,,
598,575,L,,,,,,,,,,,,,,,,,,,,,,,,,
599,576,T,,,,,,,,,,,,,,,,,,,,,,,,,
600,577,F,L,,,,,,,,,,,,,COSMIC,,,"hg38,11:46542288-46542288","hg38,11:g.46542288A>G",0.490,kidney,"carcinoma, papillary_renal_cell_carcinoma",,,,
601,578,N,,,,,,,,,,,,,,,,,,,,,,,,,
602,579,N,,,,,,,,,,,,,,,,,,,,,,,,,
603,580,D,V,,,,,,,,,,,,,COSMIC,,,"hg38,11:46542278-46542278","hg38,11:g.46542278T>A",0.544,liver,carcinoma,,,,
604,581,T,,,,,,,,,,,,,,,,,,,,,,,,,
605,582,L,,,,,,,,,,,,,,,,,,,,,,,,,
606,583,R,,,,,,,,,,,,,,,,,,,,,,,,,
607,584,W,C,,,,,,,,,,,,,COSMIC,,,"hg38,11:46542265-46542265","hg38,11:g.46542265C>A",0.746,"upper_aerodigestive_tract, head_neck","carcinoma, squamous_cell_carcinoma",,,,
608,585,E,G,,,,,,,,,,,,,COSMIC,,,"hg38,11:46542263-46542263","hg38,11:g.46542263T>C",0.601,large_intestine,"carcinoma, adenocarcinoma",,,,
609,586,R,,,,,,,,,,,,,,,,,,,,,,,,,
610,587,T,,,,,,,,,,,,,,,,,,,,,,,,,
611,588,T,,,,,,,,,,,,,,,,,,,,,,,,,
612,589,P,A,,,,,,,,,,,,,COSMIC,,,"hg38,11:46542252-46542252","hg38,11:g.46542252G>C",0.266,"large_intestine, colon","carcinoma, adenocarcinoma",,,,
613,590,N,,,,,,,,,,,,,,,,,,,,,,,,,
614,591,Y,,,,,,,,,,,,,,,,,,,,,,,,,
615,592,S,,,,,,,,,,,,,,,,,,,,,,,,,
616,593,S,,,,,,,,,,,,,,,,,,,,,,,,,
617,594,G,,,,,,,,,,,,,,,,,,,,,,,,,
618,595,E,K,,,,,,,,,,,,,COSMIC,,,"hg38,11:46542234-46542234","hg38,11:g.46542234C>T",0.205,"lung, lung, right_lower_lobe","carcinoma, adenocarcinoma",,,,
619,595,E,Q,,,,,,,,,,,,,COSMIC,,,"hg38,11:46542234-46542234","hg38,11:g.46542234C>G",0.197,skin,malignant_melanoma,,,,
620,596,A,,,,,,,,,,,,,,,,,,,,,,,,,
621,597,S,,,,,,,,,,,,,,,,,,,,,,,,,
622,598,S,F,,,,,,,,,,,,,COSMIC,,,"hg38,11:46542224-46542224","hg38,11:g.46542224G>A",0.246,"soft_tissue, blood_vessel, skin, scalp",angiosarcoma,,,,
623,599,S,,,,,,,,,,,,,,,,,,,,,,,,,
624,600,W,,,,,,,,,,,,,,,,,,,,,,,,,
625,601,Q,H,,,,,,,,,,,,,COSMIC,,,"hg38,11:46542214-46542214","hg38,11:g.46542214C>A, hg38,11:g.46542214C>G",0.088,"liver, stomach, stomach, gastroesophageal_junction","carcinoma, adenocarcinoma, carcinoma, hepatocellular_carcinoma",,,,
626,602,V,I,,,,,,,,,,,,,COSMIC,,,"hg38,11:46542213-46542213","hg38,11:g.46542213C>T",0.109,haematopoietic_and_lymphoid_tissue,"lymphoid_neoplasm, plasma_cell_myeloma",,,,
627,603,P,S,,,,,,,,,,,,,COSMIC,,,"hg38,11:46542210-46542210","hg38,11:g.46542210G>A",0.040,"stomach, gastroesophageal_junction","carcinoma, adenocarcinoma",,,,
628,604,S,,,,,,,,,,,,,,,,,,,,,,,,,
629,605,S,F,,,,,,,,,,,,,COSMIC,,,"hg38,11:46542202-46542203","hg38,11:g.46542202_46542203delinsAA",,skin,malignant_melanoma,,,,
630,606,F,S,,,,,,,,,,,,,COSMIC,,,"hg38,11:46542200-46542200","hg38,11:g.46542200A>G",0.213,"upper_aerodigestive_tract, head_neck","carcinoma, squamous_cell_carcinoma",,,,
631,607,E,,,,,,,,,,,,,,,,,,,,,,,,,
632,608,S,,,,,,,,,,,,,,,,,,,,,,,,,
633,609,V,,,,,,,,,,,,,,,,,,,,,,,,,
634,610,P,,,,,,,,,,,,,,,,,,,,,,,,,
635,611,S,,,,,,,,,,,,,,,,,,,,,,,,,
636,612,S,,,,,,,,,,,,,,,,,,,,,,,,,
637,613,G,,,,,,,,,,,,,,,,,,,,,,,,,
638,614,S,,,,,,,,,,,,,,,,,,,,,,,,,
639,615,Q,K,,,,,,,,,,,,,COSMIC,,,"hg38,11:46542174-46542174","hg38,11:g.46542174G>T",0.442,liver,"other, neoplasm",,,,
640,616,L,,,,,,,,,,,,,,,,,,,,,,,,,
641,617,P,,,,,,,,,,,,,,,,,,,,,,,,,
642,618,P,,,,,,,,,,,,,,,,,,,,,,,,,
643,619,L,,,,,,,,,,,,,,,,,,,,,,,,,
644,620,E,,,,,,,,,,,,,,,,,,,,,,,,,
645,621,R,,,,,,,,,,,,,,,,,,,,,,,,,
646,622,T,,,,,,,,,,,,,,,,,,,,,,,,,
647,623,E,K,,,,,,,,,,,,,COSMIC,,,"hg38,11:46542150-46542150","hg38,11:g.46542150C>T",0.411,stomach,"carcinoma, intestinal_adenocarcinoma",,,,
648,624,G,,,,,,,,,,,,,,,,,,,,,,,,,
649,625,Q,,,,,,,,,,,,,,,,,,,,,,,,,
650,626,T,,,,,,,,,,,,,,,,,,,,,,,,,
651,627,P,,,,,,,,,,,,,,,,,,,,,,,,,
652,628,S,,,,,,,,,,,,,,,,,,,,,,,,,
653,629,S,,,,,,,,,,,,,,,,,,,,,,,,,
654,630,S,,,,,,,,,,,,,,,,,,,,,,,,,
655,631,R,S,,,,,,,,,,,,,COSMIC,,,"hg38,11:46542124-46542124","hg38,11:g.46542124C>G",0.418,"small_intestine, duodenum","adenoma, tubulovillous",,,,
656,632,L,,,,,,,,,,,,,,,,,,,,,,,,,
657,633,E,,,,,,,,,,,,,,,,,,,,,,,,,
658,634,L,,,,,,,,,,,,,,,,,,,,,,,,,
659,635,S,,,,,,,,,,,,,,,,,,,,,,,,,
660,636,S,,,,,,,,,,,,,,,,,,,,,,,,,
661,637,S,,,,,,,,,,,,,,,,,,,,,,,,,
662,638,A,,,,,,,,,,,,,,,,,,,,,,,,,
663,639,S,,,,,,,,,,,,,,,,,,,,,,,,,
664,640,P,L,,,,,,,,,,,,,COSMIC,,,"hg38,11:46542098-46542098","hg38,11:g.46542098G>A",0.414,large_intestine,"carcinoma, adenocarcinoma",,,,
665,640,P,S,,,,,,,,,,,,,COSMIC,,,"hg38,11:46542099-46542099","hg38,11:g.46542099G>A",0.293,endometrium,"carcinoma, endometrioid_carcinoma",,,,
666,641,Q,,,,,,,,,,,,,,,,,,,,,,,,,
667,642,E,K,,,,,,,,,,,,,COSMIC,,,"hg38,11:46542093-46542093","hg38,11:g.46542093C>T",0.437,"urinary_tract, bladder",carcinoma,,,,
668,643,E,,,,,,,,,,,,,,,,,,,,,,,,,
669,644,R,M,,,,,,,,,,,,,COSMIC,,,"hg38,11:46542086-46542086","hg38,11:g.46542086C>A",0.543,endometrium,"carcinoma, endometrioid_carcinoma",,,,
670,645,T,,,,,,,,,,,,,,,,,,,,,,,,,
671,646,V,,,,,,,,,,,,,,,,,,,,,,,,,
672,647,G,,,,,,,,,,,,,,,,,,,,,,,,,
673,648,V,,,,,,,,,,,,,,,,,,,,,,,,,
674,649,A,,,,,,,,,,,,,,,,,,,,,,,,,
675,650,F,,,,,,,,,,,,,,,,,,,,,,,,,
676,651,N,,,,,,,,,,,,,,,,,,,,,,,,,
677,652,Q,,,,,,,,,,,,,,,,,,,,,,,,,
678,653,E,,,,,,,,,,,,,,,,,,,,,,,,,
679,654,T,,,,,,,,,,,,,,,,,,,,,,,,,
680,655,G,,,,,,,,,,,,,,,,,,,,,,,,,
681,656,H,,,,,,,,,,,,,,,,,,,,,,,,,
682,657,W,,,,,,,,,,,,,,,,,,,,,,,,,
683,658,E,K,,,,,,,,,,,,,COSMIC,,,"hg38,11:46542045-46542045","hg38,11:g.46542045C>T",0.570,skin,"carcinoma, basal_cell_carcinoma",,,,
684,659,R,,,,,,,,,,,,,,,,,,,,,,,,,
685,660,I,,,,,,,,,,,,,,,,,,,,,,,,,
686,661,Y,,,,,,,,,,,,,,,,,,,,,,,,,
687,662,T,A,,,,,,,,,,,,,COSMIC,,,"hg38,11:46542033-46542033","hg38,11:g.46542033T>C",0.312,large_intestine,"carcinoma, adenocarcinoma",,,,
688,663,Q,,,,,,,,,,,,,,,,,,,,,,,,,
689,664,S,P,,,,,,,,,,,,,COSMIC,,,"hg38,11:46542027-46542027","hg38,11:g.46542027A>G",0.279,kidney,"carcinoma, clear_cell_renal_cell_carcinoma",,,,
690,665,S,,,,,,,,,,,,,,,,,,,,,,,,,
691,666,R,I,,,,,,,,,,,,,COSMIC,,,"hg38,11:46542020-46542020","hg38,11:g.46542020C>A",0.514,"urinary_tract, bladder","carcinoma, transitional_cell_carcinoma",,,,
692,667,S,,,,,,,,,,,,,,,,,,,,,,,,,
693,668,G,,,,,,,,,,,,,,,,,,,,,,,,,
694,669,T,,,,,,,,,,,,,,,,,,,,,,,,,
695,670,V,,,,,,,,,,,,,,,,,,,,,,,,,
696,671,S,,,,,,,,,,,,,,,,,,,,,,,,,
697,672,Q,,,,,,,,,,,,,,,,,,,,,,,,,
698,673,E,D,,,,,,,,,,,,,COSMIC,,,"hg38,11:46541998-46541998","hg38,11:g.46541998C>A",0.275,endometrium,"carcinoma, endometrioid_carcinoma",,,,
699,673,E,K,,,,,,,,,,,,,COSMIC,,,"hg38,11:46542000-46542000","hg38,11:g.46542000C>T",0.576,"urinary_tract, bladder","carcinoma, carcinoma, transitional_cell_carcinoma",,,,
700,674,A,,,,,,,,,,,,,,,,,,,,,,,,,
701,675,L,,,,,,,,,,,,,,,,,,,,,,,,,
702,676,H,,,,,,,,,,,,,,,,,,,,,,,,,
703,677,Q,,,,,,,,,,,,,,,,,,,,,,,,,
704,678,D,,,,,,,,,,,,,,,,,,,,,,,,,
705,679,M,I,,,,,,,,,,,,,COSMIC,,,"hg38,11:46541980-46541980","hg38,11:g.46541980C>A",0.365,haematopoietic_and_lymphoid_tissue,"haematopoietic_neoplasm, chronic_myelomonocytic_leukaemia",,,,
706,680,P,,,,,,,,,,,,,,,,,,,,,,,,,
707,681,E,Q,,,,,,,,,,,,,COSMIC,,,"hg38,11:46541976-46541976","hg38,11:g.46541976C>G",0.434,haematopoietic_and_lymphoid_tissue,"haematopoietic_neoplasm, chronic_myelomonocytic_leukaemia",,,,
708,682,E,D,,,,,,,,,,,,,COSMIC,,,"hg38,11:46541971-46541971","hg38,11:g.46541971C>A",0.415,"large_intestine, colon, ascending","carcinoma, adenocarcinoma",,,,
709,683,S,,,,,,,,,,,,,,,,,,,,,,,,,
710,684,S,,,,,,,,,,,,,,,,,,,,,,,,,
711,685,E,K,,,,,,,,,,,,,COSMIC,,,"hg38,11:46541964-46541964","hg38,11:g.46541964C>T",0.580,"oesophagus, middle_third","carcinoma, squamous_cell_carcinoma",,,,
712,685,E,Q,,,,,,,,,,,,,COSMIC,,,"hg38,11:46541964-46541964","hg38,11:g.46541964C>G",0.502,"urinary_tract, bladder",carcinoma,,,,
713,686,E,K,,,,,,,,,,,,,COSMIC,,,"hg38,11:46541961-46541961","hg38,11:g.46541961C>T",0.497,skin,malignant_melanoma,,,,
714,687,D,,,,,,,,,,,,,,,,,,,,,,,,,
715,688,S,,,,,,,,,,,,,,,,,,,,,,,,,
716,689,L,F,,,,,,,,,,,,,COSMIC,,,"hg38,11:46541952-46541952","hg38,11:g.46541952G>A",0.472,,malignant_melanoma,,,,
717,690,R,,,,,,,,,,,,,,,,,,,,,,,,,
718,691,R,,,,,,,,,,,,,,,,,,,,,,,,,
719,692,R,,,,,,,,,,,,,,,,,,,,,,,,,
720,693,L,,,,,,,,,,,,,,,,,,,,,,,,,
721,694,L,,,,,,,,,,,,,,,,,,,,,,,,,
722,695,E,,,,,,,,,,,,,,,,,,,,,,,,,
723,696,S,,,,,,,,,,,,,,,,,,,,,,,,,
724,697,S,P,,,,,,,,,,,,,COSMIC,,,"hg38,11:46512797-46512797","hg38,11:g.46512797A>G",0.581,skin,malignant_melanoma,,,,
725,698,L,,,,,,,,,,,,,,,,,,,,,,,,,
726,699,I,,,,,,,,,,,,,,,,,,,,,,,,,
727,700,S,,,,,,,,,,,,,,,,,,,,,,,,,
728,701,L,,,,,,,,,,,,,,,,,,,,,,,,,
729,702,S,F,,,,,,,,,,,,,COSMIC,,,"hg38,11:46512781-46512781","hg38,11:g.46512781G>A",0.696,"skin, trunk","malignant_melanoma, superficial_spreading",,,,
730,703,R,H,,,,,,,,,,,,,COSMIC,,,"hg38,11:46512778-46512778","hg38,11:g.46512778C>T",0.588,stomach,"carcinoma, intestinal_adenocarcinoma",,,,
731,704,Y,,,,,,,,,,,,,,,,,,,,,,,,,
732,705,D,N,,,,,,,,,,,,,COSMIC,,,"hg38,11:46512773-46512773","hg38,11:g.46512773C>T",0.472,oesophagus,"carcinoma, squamous_cell_carcinoma",,,,
733,706,G,,,,,,,,,,,,,,,,,,,,,,,,,
734,707,A,,,,,,,,,,,,,,,,,,,,,,,,,
735,708,G,,,,,,,,,,,,,,,,,,,,,,,,,
736,709,S,F,,,,,,,,,,,,,COSMIC,,,"hg38,11:46512760-46512760","hg38,11:g.46512760G>A",0.607,skin,malignant_melanoma,,,,
737,709,S,T,,,,,,,,,,,,,COSMIC,,,"hg38,11:46512761-46512761","hg38,11:g.46512761A>T",0.482,"large_intestine, colon","carcinoma, adenocarcinoma",,,,
738,710,R,,,,,,,,,,,,,,,,,,,,,,,,,
739,711,E,,,,,,,,,,,,,,,,,,,,,,,,,
740,712,H,,,,,,,,,,,,,,,,,,,,,,,,,
741,713,P,,,,,,,,,,,,,,,,,,,,,,,,,
742,714,I,,,,,,,,,,,,,,,,,,,,,,,,,
743,715,Y,,,,,,,,,,,,,,,,,,,,,,,,,
744,716,P,,,,,,,,,,,,,,,,,,,,,,,,,
745,717,D,,,,,,,,,,,,,,,,,,,,,,,,,
746,718,P,S,,,,,,,,,,,,,COSMIC,,,"hg38,11:46512734-46512734","hg38,11:g.46512734G>A",0.390,haematopoietic_and_lymphoid_tissue,"lymphoid_neoplasm, acute_lymphoblastic_B_cell_leukaemia",,,,
747,719,A,V,,,,,,,,,,,,,COSMIC,,,"hg38,11:46512730-46512730","hg38,11:g.46512730G>A",0.444,"large_intestine, large_intestine, colon, right, upper_aerodigestive_tract, pharynx, nasopharynx","carcinoma, adenocarcinoma, carcinoma, nasopharyngeal_carcinoma, non_keratinizing",,,,
748,720,R,S,,,,,,,,,,,,,COSMIC,,,"hg38,11:46494204-46494204","hg38,11:g.46494204C>A",0.296,stomach,"carcinoma, adenocarcinoma",,,,
749,721,D,N,,,,,,,,,,,,,COSMIC,,,"hg38,11:46494203-46494203","hg38,11:g.46494203C>T",0.379,"skin, scalp",malignant_melanoma,,,,
750,722,N,,,,,,,,,,,,,,,,,,,,,,,,,
751,723,G,D,,,,,,,,,,,,,COSMIC,,,"hg38,11:46494196-46494196","hg38,11:g.46494196C>T",0.608,large_intestine,"carcinoma, adenocarcinoma",,,,
752,724,D,N,,,,,,,,,,,,,COSMIC,,,"hg38,11:46494194-46494194","hg38,11:g.46494194C>T",0.385,stomach,"carcinoma, carcinoma, diffuse_adenocarcinoma",,,,
753,725,R,I,,,,,,,,,,,,,COSMIC,,,"hg38,11:46494190-46494190","hg38,11:g.46494190C>A",0.580,"central_nervous_system, brain","glioma, astrocytoma_Grade_III, pleomorphic_xanthoastrocytoma",,,,
754,726,S,,,,,,,,,,,,,,,,,,,,,,,,,
755,727,R,S,,,,,,,,,,,,,COSMIC,,,"hg38,11:46494183-46494183","hg38,11:g.46494183C>A",0.736,"biliary_tract, gallbladder","carcinoma, adenocarcinoma",,,,
756,728,H,,,,,,,,,,,,,,,,,,,,,,,,,
757,729,R,,,,,,,,,,,,,,,,,,,,,,,,,
758,730,A,P,,,,,,,,,,,,,COSMIC,,,"hg38,11:46494176-46494176","hg38,11:g.46494176C>G",0.453,lung,"carcinoma, adenocarcinoma",,,,
759,731,P,,,,,,,,,,,,,,,,,,,,,,,,,
760,732,R,C,,,,,,,,,,,,,COSMIC,,,"hg38,11:46494170-46494170","hg38,11:g.46494170G>A",0.649,"upper_aerodigestive_tract, mouth",carcinoma,,,,
761,733,N,,,,,,,,,,,,,,,,,,,,,,,,,
762,734,A,,,,,,,,,,,,,,,,,,,,,,,,,
763,735,R,Q,,,,,,,,,,,,,COSMIC,,,"hg38,11:46494160-46494160","hg38,11:g.46494160C>T",0.465,kidney,"carcinoma, clear_cell_renal_cell_carcinoma",,,,
764,735,R,W,,,,,,,,,,,,,COSMIC,,,"hg38,11:46494161-46494161","hg38,11:g.46494161G>A",0.691,"large_intestine, colon, right, lung","carcinoma, adenocarcinoma, carcinoma, non_small_cell_carcinoma",,,,
765,736,M,,,,,,,,,,,,,,,,,,,,,,,,,
766,737,S,,,,,,,,,,,,,,,,,,,,,,,,,
767,738,A,,,,,,,,,,,,,,,,,,,,,,,,,
768,739,P,,,,,,,,,,,,,,,,,,,,,,,,,
769,740,S,,,,,,,,,,,,,,,,,,,,,,,,,
770,741,L,,,,,,,,,,,,,,,,,,,,,,,,,
771,742,G,,,,,,,,,,,,,,,,,,,,,,,,,
772,743,R,H,,,,,,,,,,,,,COSMIC,,,"hg38,11:46494136-46494136","hg38,11:g.46494136C>T",0.728,"upper_aerodigestive_tract, head_neck","carcinoma, squamous_cell_carcinoma",,,,
773,744,F,,,,,,,,,,,,,,,,,,,,,,,,,
774,745,V,,,,,,,,,,,,,,,,,,,,,,,,,
775,746,P,,,,,,,,,,,,,,,,,,,,,,,,,
776,747,R,M,,,,,,,,,,,,,COSMIC,,,"hg38,11:46494124-46494124","hg38,11:g.46494124C>A",0.737,"large_intestine, colon, sigmoid","carcinoma, adenocarcinoma",,,,
777,748,R,C,,,,,,,,,,,,,COSMIC,,,"hg38,11:46493707-46493707","hg38,11:g.46493707G>A",0.804,"large_intestine, caecum, prostate","carcinoma, adenocarcinoma",,,,
778,748,R,H,,,,,,,,,,,,,COSMIC,,,"hg38,11:46493706-46493706","hg38,11:g.46493706C>T",0.764,"large_intestine, colon, ascending","adenoma, tubulovillous, high_grade_dysplasia, carcinoma, adenocarcinoma",,,,
779,749,F,,,,,,,,,,,,,,,,,,,,,,,,,
780,750,L,,,,,,,,,,,,,,,,,,,,,,,,,
781,751,L,,,,,,,,,,,,,,,,,,,,,,,,,
782,752,P,,,,,,,,,,,,,,,,,,,,,,,,,
783,753,E,,,,,,,,,,,,,,,,,,,,,,,,,
784,754,Y,,,,,,,,,,,,,,,,,,,,,,,,,
785,755,L,,,,,,,,,,,,,,,,,,,,,,,,,
786,756,P,,,,,,,,,,,,,,,,,,,,,,,,,
787,757,Y,,,,,,,,,,,,,,,,,,,,,,,,,
788,758,A,,,,,,,,,,,,,,,,,,,,,,,,,
789,759,G,,,,,,,,,,,,,,,,,,,,,,,,,
790,760,I,,,,,,,,,,,,,,,,,,,,,,,,,
791,761,F,,,,,,,,,,,,,,,,,,,,,,,,,
792,762,H,Y,,,,,,,,,,,,,COSMIC,,,"hg38,11:46493665-46493665","hg38,11:g.46493665G>A",0.669,skin,malignant_melanoma,,,,
793,763,E,,,,,,,,,,,,,,,,,,,,,,,,,
794,764,R,,,,,,,,,,,,,,,,,,,,,,,,,
795,765,G,,,,,,,,,,,,,,,,,,,,,,,,,
796,766,Q,,,,,,,,,,,,,,,,,,,,,,,,,
797,767,P,,,,,,,,,,,,,,,,,,,,,,,,,
798,768,G,,,,,,,,,,,,,,,,,,,,,,,,,
799,769,L,,,,,,,,,,,,,,,,,,,,,,,,,
800,770,A,,,,,,,,,,,,,,,,,,,,,,,,,
801,771,T,,,,,,,,,,,,,,,,,,,,,,,,,
802,772,H,,,,,,,,,,,,,,,,,,,,,,,,,
803,773,S,,,,,,,,,,,,,,,,,,,,,,,,,
804,774,S,,,,,,,,,,,,,,,,,,,,,,,,,
805,775,V,,,,,,,,,,,,,,,,,,,,,,,,,
806,776,N,,,,,,,,,,,,,,,,,,,,,,,,,
807,777,R,,,,,,,,,,,,,,,,,,,,,,,,,
808,778,V,,,,,,,,,,,,,,,,,,,,,,,,,
809,779,L,,,,,,,,,,,,,,,,,,,,,,,,,
810,780,A,,,,,,,,,,,,,,,,,,,,,,,,,
811,781,G,E,,,,,,,,,,,,,COSMIC,,,"hg38,11:46443598-46443598","hg38,11:g.46443598C>T",0.744,skin,"malignant_melanoma, spitzoid",,,,
812,782,A,,,,,,,,,,,,,,,,,,,,,,,,,
813,783,V,,,,,,,,,,,,,,,,,,,,,,,,,
814,784,I,,,,,,,,,,,,,,,,,,,,,,,,,
815,785,G,,,,,,,,,,,,,,,,,,,,,,,,,
816,786,D,,,,,,,,,,,,,,,,,,,,,,,,,
817,787,G,,,,,,,,,,,,,,,,,,,,,,,,,
818,788,Q,,,,,,,,,,,,,,,,,,,,,,,,,
819,789,S,,,,,,,,,,,,,,,,,,,,,,,,,
820,790,A,,,,,,,,,,,,,,,,,,,,,,,,,
821,791,V,,,,,,,,,,,,,,,,,,,,,,,,,
822,792,A,,,,,,,,,,,,,,,,,,,,,,,,,
823,793,S,,,,,,,,,,,,,,,,,,,,,,,,,
824,794,N,,,,,,,,,,,,,,,,,,,,,,,,,
825,795,I,,,,,,,,,,,,,,,,,,,,,,,,,
826,796,A,,,,,,,,,,,,,,,,,,,,,,,,,
827,797,N,S,,,,,,,,,,,,,COSMIC,,,"hg38,11:46443550-46443550","hg38,11:g.46443550T>C",0.201,prostate,adenoma,,,,
828,798,T,N,,,,,,,,,,,,,COSMIC,,,"hg38,11:46443547-46443547","hg38,11:g.46443547G>T",0.539,endometrium,carcinoma,,,,
829,798,T,S,,,,,,,,,,,,,COSMIC,,,"hg38,11:46443547-46443547","hg38,11:g.46443547G>C",0.535,"lung, right_upper_lobe","carcinoma, adenocarcinoma",,,,
830,799,T,,,,,,,,,,,,,,,,,,,,,,,,,
831,800,Y,,,,,,,,,,,,,,,,,,,,,,,,,
832,801,R,Q,,,,,,,,,,,,,COSMIC,,,"hg38,11:46443538-46443538","hg38,11:g.46443538C>T",0.850,"biliary_tract, bile_duct, endometrium","carcinoma, carcinoma, endometrioid_carcinoma",,,,
833,801,R,W,,,,,,,,,,,,,COSMIC,,,"hg38,11:46443539-46443539","hg38,11:g.46443539G>A",0.744,salivary_gland,"carcinoma, adenoid_cystic_carcinoma",,,,
834,802,L,F,,,,,,,,,,,,,COSMIC,,,"hg38,11:46443536-46443536","hg38,11:g.46443536G>A",0.365,large_intestine,"carcinoma, adenocarcinoma",,,,
835,802,L,P,,,,,,,,,,,,,COSMIC,,,"hg38,11:46443535-46443535","hg38,11:g.46443535A>G",0.613,stomach,"carcinoma, adenocarcinoma",,,,
836,803,Q,,,,,,,,,,,,,,,,,,,,,,,,,
837,804,W,R,,,,,,,,,,,,,COSMIC,,,"hg38,11:46443530-46443530","hg38,11:g.46443530A>G",0.920,stomach,"carcinoma, adenocarcinoma",,,,
838,805,W,,,,,,,,,,,,,,,,,,,,,,,,,
839,806,D,,,,,,,,,,,,,,,,,,,,,,,,,
840,807,F,,,,,,,,,,,,,,,,,,,,,,,,,
841,808,T,,,,,,,,,,,,,,,,,,,,,,,,,
842,809,K,Q,,,,,,,,,,,,,COSMIC,,,"hg38,11:46443515-46443515","hg38,11:g.46443515T>G",0.262,testis,"germ_cell_tumour, teratoma",,,,
843,810,F,,,,,,,,,,,,,,,,,,,,,,,,,
844,811,D,,,,,,,,,,,,,,,,,,,,,,,,,
845,812,L,,,,,,,,,,,,,,,,,,,,,,,,,
846,813,P,H,,,,,,,,,,,,,COSMIC,,,"hg38,11:46443502-46443502","hg38,11:g.46443502G>T",0.348,skin,malignant_melanoma,,,,
847,814,E,,,,,,,,,,,,,,,,,,,,,,,,,
848,815,I,,,,,,,,,,,,,,,,,,,,,,,,,
849,816,S,N,,,,,,,,,,,,,COSMIC,,,"hg38,11:46443493-46443493","hg38,11:g.46443493C>T",0.253,"small_intestine, duodenum","carcinoma, adenocarcinoma",,,,
850,817,N,,,,,,,,,,,,,,,,,,,,,,,,,
851,818,A,T,,,,,,,,,,,,,COSMIC,,,"hg38,11:46443488-46443488","hg38,11:g.46443488C>T",0.178,skin,"carcinoma, basal_cell_carcinoma, malignant_melanoma",,,,
852,818,A,V,,,,,,,,,,,,,COSMIC,,,"hg38,11:46435037-46435037","hg38,11:g.46435037G>A",0.323,"skin, trunk","malignant_melanoma, superficial_spreading",,,,
853,819,S,,,,,,,,,,,,,,,,,,,,,,,,,
854,820,V,M,,,,,,,,,,,,,COSMIC,,,"hg38,11:46435032-46435032","hg38,11:g.46435032C>T",0.070,liver,"carcinoma, hepatocellular_carcinoma",,,,
855,821,N,,,,,,,,,,,,,,,,,,,,,,,,,
856,822,V,,,,,,,,,,,,,,,,,,,,,,,,,
857,823,L,,,,,,,,,,,,,,,,,,,,,,,,,
858,824,V,M,,,,,,,,,,,,,COSMIC,,,"hg38,11:46435020-46435020","hg38,11:g.46435020C>T",0.523,"biliary_tract, bile_duct",carcinoma,,,,
859,825,Q,,,,,,,,,,,,,,,,,,,,,,,,,
860,826,N,,,,,,,,,,,,,,,,,,,,,,,,,
861,827,C,,,,,,,,,,,,,,,,,,,,,,,,,
862,828,K,,,,,,,,,,,,,,,,,,,,,,,,,
863,829,I,,,,,,,,,,,,,,,,,,,,,,,,,
864,830,Y,,,,,,,,,,,,,,,,,,,,,,,,,
865,831,N,D,,,,,,,,,,,,,COSMIC,,,"hg38,11:46434999-46434999","hg38,11:g.46434999T>C",0.371,"urinary_tract, bladder","carcinoma, carcinoma, transitional_cell_carcinoma",,,,
866,832,D,N,,,,,,,,,,,,,COSMIC,,,"hg38,11:46434996-46434996","hg38,11:g.46434996C>T",0.214,liver,"carcinoma, hepatocellular_carcinoma",,,,
867,833,A,,,,,,,,,,,,,,,,,,,,,,,,,
868,834,S,,,,,,,,,,,,,,,,,,,,,,,,,
869,835,C,G,,,,,,,,,,,,,COSMIC,,,"hg38,11:46434987-46434987","hg38,11:g.46434987A>C",0.602,"haematopoietic_and_lymphoid_tissue, haematopoietic_and_lymphoid_tissue, lymph_node","lymphoid_neoplasm, chronic_lymphocytic_leukaemia-small_lymphocytic_lymphoma, lymphoid_neoplasm, chronic_lymphocytic_leukaemia-small_lymphocytic_lymphoma, Richter_transformation",,,,
870,835,C,R,,,,,,,,,,,,,COSMIC,,,"hg38,11:46434987-46434987","hg38,11:g.46434987A>G",0.658,"large_intestine, colon, ascending","carcinoma, adenocarcinoma",,,,
871,836,D,,,,,,,,,,,,,,,,,,,,,,,,,
872,837,I,,,,,,,,,,,,,,,,,,,,,,,,,
873,838,S,,,,,,,,,,,,,,,,,,,,,,,,,
874,839,A,,,,,,,,,,,,,,,,,,,,,,,,,
875,840,D,,,,,,,,,,,,,,,,,,,,,,,,,
876,841,G,,,,,,,,,,,,,,,,,,,,,,,,,
877,842,Q,,,,,,,,,,,,,,,,,,,,,,,,,
878,843,L,,,,,,,,,,,,,,,,,,,,,,,,,
879,844,L,,,,,,,,,,,,,,,,,,,,,,,,,
880,845,A,,,,,,,,,,,,,,,,,,,,,,,,,
881,846,A,,,,,,,,,,,,,,,,,,,,,,,,,
882,847,F,,,,,,,,,,,,,,,,,,,,,,,,,
883,848,I,,,,,,,,,,,,,,,,,,,,,,,,,
884,849,P,L,,,,,,,,,,,,,COSMIC,,,"hg38,11:46434944-46434944","hg38,11:g.46434944G>A",0.559,breast,"carcinoma, metaplastic_carcinoma",,,,
885,850,S,I,,,,,,,,,,,,,COSMIC,,,"hg38,11:46434941-46434941","hg38,11:g.46434941C>A",0.294,lung,"carcinoma, carcinoma, squamous_cell_carcinoma",,,,
886,850,S,R,,,,,,,,,,,,,COSMIC,,,"hg38,11:46434942-46434942","hg38,11:g.46434942T>G",0.194,stomach,"carcinoma, adenocarcinoma",,,,
887,851,S,R,,,,,,,,,,,,,COSMIC,,,"hg38,11:46434937-46434937","hg38,11:g.46434937G>T",0.245,pancreas,"carcinoid-endocrine_tumour, non_functioning",,,,
888,852,Q,H,,,,,,,,,,,,,COSMIC,,,"hg38,11:46434934-46434934","hg38,11:g.46434934C>A",0.126,"urinary_tract, bladder",carcinoma,,,,
889,853,R,,,,,,,,,,,,,,,,,,,,,,,,,
890,854,G,,,,,,,,,,,,,,,,,,,,,,,,,
891,855,F,,,,,,,,,,,,,,,,,,,,,,,,,
892,856,P,S,,,,,,,,,,,,,COSMIC,,,"hg38,11:46434924-46434924","hg38,11:g.46434924G>A",0.367,"skin, skin, scalp","carcinoma, basal_cell_carcinoma, malignant_melanoma, malignant_melanoma, spitzoid",,,,
893,857,D,,,,,,,,,,,,,,,,,,,,,,,,,
894,858,E,,,,,,,,,,,,,,,,,,,,,,,,,
895,859,G,,,,,,,,,,,,,,,,,,,,,,,,,
896,860,I,,,,,,,,,,,,,,,,,,,,,,,,,
897,861,L,,,,,,,,,,,,,,,,,,,,,,,,,
898,862,A,,,,,,,,,,,,,,,,,,,,,,,,,
899,863,V,,,,,,,,,,,,,,,,,,,,,,,,,
900,864,Y,,,,,,,,,,,,,,,,,,,,,,,,,
901,865,S,F,,,,,,,,,,,,,COSMIC,,,"hg38,11:46434896-46434896","hg38,11:g.46434896G>A",0.598,"skin, skin, head_neck","carcinoma, squamous_cell_carcinoma, malignant_melanoma",,,,
902,866,L,,,,,,,,,,,,,,,,,,,,,,,,,
903,867,A,,,,,,,,,,,,,,,,,,,,,,,,,
904,868,P,S,,,,,,,,,,,,,COSMIC,,,"hg38,11:46434888-46434888","hg38,11:g.46434888G>A",0.511,"skin, upper_back","adnexal_tumour, malignant_adnexal_tumour, eccrine_porocarcinoma",,,,
905,869,H,,,,,,,,,,,,,,,,,,,,,,,,,
906,870,N,,,,,,,,,,,,,,,,,,,,,,,,,
907,871,L,,,,,,,,,,,,,,,,,,,,,,,,,
908,872,G,S,,,,,,,,,,,,,COSMIC,,,"hg38,11:46434876-46434876","hg38,11:g.46434876C>T",0.385,prostate,carcinoma,,,,
909,873,E,K,,,,,,,,,,,,,COSMIC,,,"hg38,11:46434873-46434873","hg38,11:g.46434873C>T",0.363,"large_intestine, colon, sigmoid","carcinoma, adenocarcinoma",,,,
910,874,M,,,,,,,,,,,,,,,,,,,,,,,,,
911,875,L,F,,,,,,,,,,,,,COSMIC,,,"hg38,11:46434867-46434867","hg38,11:g.46434867G>A",0.245,endometrium,"carcinoma, endometrioid_carcinoma",,,,
912,876,Y,,,,,,,,,,,,,,,,,,,,,,,,,
913,877,T,,,,,,,,,,,,,,,,,,,,,,,,,
914,878,K,,,,,,,,,,,,,,,,,,,,,,,,,
915,879,R,,,,,,,,,,,,,,,,,,,,,,,,,
916,880,F,,,,,,,,,,,,,,,,,,,,,,,,,
917,881,G,C,,,,,,,,,,,,,COSMIC,,,"hg38,11:46434849-46434849","hg38,11:g.46434849C>A",0.476,skin,malignant_melanoma,,,,
918,882,P,,,,,,,,,,,,,,,,,,,,,,,,,
919,883,N,D,,,,,,,,,,,,,COSMIC,,,"hg38,11:46433623-46433623","hg38,11:g.46433623T>C",0.291,liver,carcinoma,,,,
920,884,A,V,,,,,,,,,,,,,COSMIC,,,"hg38,11:46433619-46433619","hg38,11:g.46433619G>A",0.382,endometrium,"carcinoma, endometrioid_carcinoma",,,,
921,885,I,V,,,,,,,,,,,,,COSMIC,,,"hg38,11:46433617-46433617","hg38,11:g.46433617T>C",0.258,"skin, head_neck","carcinoma, squamous_cell_carcinoma",,,,
922,886,S,L,,,,,,,,,,,,,COSMIC,,,"hg38,11:46433613-46433613","hg38,11:g.46433613G>A",0.529,skin,"carcinoma, basal_cell_carcinoma, malignant_melanoma",,,,
923,887,V,,,,,,,,,,,,,,,,,,,,,,,,,
924,888,S,,,,,,,,,,,,,,,,,,,,,,,,,
925,889,L,Q,,,,,,,,,,,,,COSMIC,,,"hg38,11:46433604-46433604","hg38,11:g.46433604A>T",0.502,large_intestine,"carcinoma, adenocarcinoma",,,,
926,890,S,F,,,,,,,,,,,,,COSMIC,,,"hg38,11:46433601-46433601","hg38,11:g.46433601G>A",0.532,"skin, head_neck","carcinoma, squamous_cell_carcinoma",,,,
927,891,P,L,,,,,,,,,,,,,COSMIC,,,"hg38,11:46433598-46433598","hg38,11:g.46433598G>A",0.547,skin,"carcinoma, basal_cell_carcinoma",,,,
928,892,M,I,,,,,,,,,,,,,COSMIC,,,"hg38,11:46433594-46433594","hg38,11:g.46433594C>A",0.355,lung,"carcinoma, adenocarcinoma",,,,
929,892,M,L,,,,,,,,,,,,,COSMIC,,,"hg38,11:46433596-46433596","hg38,11:g.46433596T>A",0.347,lung,"carcinoma, adenocarcinoma",,,,
930,892,M,V,,,,,,,,,,,,,COSMIC,,,"hg38,11:46433596-46433596","hg38,11:g.46433596T>C",0.356,lung,"carcinoma, carcinoma, squamous_cell_carcinoma",,,,
931,893,G,V,,,,,,,,,,,,,COSMIC,,,"hg38,11:46433592-46433592","hg38,11:g.46433592C>A",0.547,lung,"carcinoma, adenocarcinoma",,,,
932,894,R,,,,,,,,,,,,,,,,,,,,,,,,,
933,895,Y,,,,,,,,,,,,,,,,,,,,,,,,,
934,896,V,,,,,,,,,,,,,,,,,,,,,,,,,
935,897,M,,,,,,,,,,,,,,,,,,,,,,,,,
936,898,V,,,,,,,,,,,,,,,,,,,,,,,,,
937,899,G,C,,,,,,,,,,,,,COSMIC,,,"hg38,11:46433575-46433575","hg38,11:g.46433575C>A",0.573,lung,"carcinoma, large_cell_neuroendocrine_carcinoma",,,,
938,900,L,,,,,,,,,,,,,,,,,,,,,,,,,
939,901,A,,,,,,,,,,,,,,,,,,,,,,,,,
940,902,S,,,,,,,,,,,,,,,,,,,,,,,,,
941,903,R,,,,,,,,,,,,,,,,,,,,,,,,,
942,904,R,K,,,,,,,,,,,,,COSMIC,,,"hg38,11:46433559-46433559","hg38,11:g.46433559C>T",0.447,"haematopoietic_and_lymphoid_tissue, central_nervous_system","lymphoid_neoplasm, primary_central_nervous_system_lymphoma",,,,
943,904,R,S,,,,,,,,,,,,,COSMIC,,,"hg38,11:46433558-46433558","hg38,11:g.46433558C>G",0.293,endometrium,"carcinoma, endometrioid_carcinoma",,,,
944,905,I,,,,,,,,,,,,,,,,,,,,,,,,,
945,906,L,,,,,,,,,,,,,,,,,,,,,,,,,
946,907,L,,,,,,,,,,,,,,,,,,,,,,,,,
947,908,H,,,,,,,,,,,,,,,,,,,,,,,,,
948,909,P,,,,,,,,,,,,,,,,,,,,,,,,,
949,910,S,,,,,,,,,,,,,,,,,,,,,,,,,
950,911,T,,,,,,,,,,,,,,,,,,,,,,,,,
951,912,E,K,,,,,,,,,,,,,COSMIC,,,"hg38,11:46433536-46433536","hg38,11:g.46433536C>T",0.241,"upper_aerodigestive_tract, mouth",carcinoma,,,,
952,913,H,Q,,,,,,,,,,,,,COSMIC,,,"hg38,11:46433531-46433531","hg38,11:g.46433531G>T",0.239,ovary,"carcinoma, serous_carcinoma",,,,
953,914,M,,,,,,,,,,,,,,,,,,,,,,,,,
954,915,V,,,,,,,,,,,,,,,,,,,,,,,,,
955,916,A,,,,,,,,,,,,,,,,,,,,,,,,,
956,917,Q,H,,,,,,,,,,,,,COSMIC,,,"hg38,11:46433519-46433519","hg38,11:g.46433519C>A",0.270,large_intestine,"carcinoma, adenocarcinoma",,,,
957,918,V,,,,,,,,,,,,,,,,,,,,,,,,,
958,919,F,L,,,,,,,,,,,,,COSMIC,,,"hg38,11:46433513-46433513","hg38,11:g.46433513G>T",0.368,liver,"carcinoma, hepatocellular_carcinoma",,,,
959,920,R,,,,,,,,,,,,,,,,,,,,,,,,,
960,921,L,,,,,,,,,,,,,,,,,,,,,,,,,
961,922,Q,,,,,,,,,,,,,,,,,,,,,,,,,
962,923,Q,,,,,,,,,,,,,,,,,,,,,,,,,
963,924,A,,,,,,,,,,,,,,,,,,,,,,,,,
964,925,H,,,,,,,,,,,,,,,,,,,,,,,,,
965,926,G,,,,,,,,,,,,,,,,,,,,,,,,,
966,927,G,V,,,,,,,,,,,,,COSMIC,,,"hg38,11:46433490-46433490","hg38,11:g.46433490C>A",0.524,skin,malignant_melanoma,,,,
967,928,E,,,,,,,,,,,,,,,,,,,,,,,,,
968,929,T,,,,,,,,,,,,,,,,,,,,,,,,,
969,930,S,Y,,,,,,,,,,,,,COSMIC,,,"hg38,11:46433481-46433481","hg38,11:g.46433481G>T",0.486,skin,malignant_melanoma,,,,
970,931,M,,,,,,,,,,,,,,,,,,,,,,,,,
971,932,R,,,,,,,,,,,,,,,,,,,,,,,,,
972,933,R,,,,,,,,,,,,,,,,,,,,,,,,,
973,934,V,,,,,,,,,,,,,,,,,,,,,,,,,
974,935,F,,,,,,,,,,,,,,,,,,,,,,,,,
975,936,N,,,,,,,,,,,,,,,,,,,,,,,,,
976,937,V,,,,,,,,,,,,,,,,,,,,,,,,,
977,938,L,,,,,,,,,,,,,,,,,,,,,,,,,
978,939,Y,,,,,,,,,,,,,,,,,,,,,,,,,
979,940,P,L,,,,,,,,,,,,,COSMIC,,,"hg38,11:46418030-46418030","hg38,11:g.46418030G>A",0.694,"skin, thyroid","carcinoma, malignant_melanoma",,,,
980,941,M,I,,,,,,,,,,,,,COSMIC,,,"hg38,11:46418026-46418026","hg38,11:g.46418026C>A",0.282,lung,"carcinoma, small_cell_carcinoma",,,,
981,942,P,,,,,,,,,,,,,,,,,,,,,,,,,
982,943,A,,,,,,,,,,,,,,,,,,,,,,,,,
983,944,D,Y,,,,,,,,,,,,,COSMIC,,,"hg38,11:46418019-46418019","hg38,11:g.46418019C>A",0.509,"upper_aerodigestive_tract, head_neck","carcinoma, squamous_cell_carcinoma",,,,
984,945,Q,,,,,,,,,,,,,,,,,,,,,,,,,
985,946,R,Q,,,,,,,,,,,,,COSMIC,,,"hg38,11:46418012-46418012","hg38,11:g.46418012C>T",0.363,large_intestine,"carcinoma, adenocarcinoma",,,,
986,946,R,W,,,,,,,,,,,,,COSMIC,,,"hg38,11:46418013-46418013","hg38,11:g.46418013G>A",0.636,"urinary_tract, bladder",carcinoma,,,,
987,947,R,I,,,,,,,,,,,,,COSMIC,,,"hg38,11:46418009-46418009","hg38,11:g.46418009C>A",0.580,lung,carcinoma,,,,
988,948,H,,,,,,,,,,,,,,,,,,,,,,,,,
989,949,V,,,,,,,,,,,,,,,,,,,,,,,,,
990,950,S,,,,,,,,,,,,,,,,,,,,,,,,,
991,951,I,,,,,,,,,,,,,,,,,,,,,,,,,
992,952,N,,,,,,,,,,,,,,,,,,,,,,,,,
993,953,S,C,,,,,,,,,,,,,COSMIC,,,"hg38,11:46417991-46417991","hg38,11:g.46417991G>C",0.389,ovary,"carcinoma, serous_carcinoma",,,,
994,954,A,,,,,,,,,,,,,,,,,,,,,,,,,
995,955,R,H,,,,,,,,,,,,,COSMIC,,,"hg38,11:46417985-46417985","hg38,11:g.46417985C>T",0.445,"large_intestine, colon, transverse","carcinoma, adenocarcinoma",,,,
996,956,W,,,,,,,,,,,,,,,,,,,,,,,,,
997,957,L,P,,,,,,,,,,,,,COSMIC,,,"hg38,11:46417979-46417979","hg38,11:g.46417979A>G",0.571,"central_nervous_system, brain","glioma, astrocytoma_Grade_III, anaplastic",,,,
998,958,P,,,,,,,,,,,,,,,,,,,,,,,,,
999,959,E,D,,,,,,,,,,,,,COSMIC,,,"hg38,11:46417972-46417972","hg38,11:g.46417972C>A",0.070,liver,carcinoma,,,,
1000,960,P,,,,,,,,,,,,,,,,,,,,,,,,,
1001,961,G,,,,,,,,,,,,,,,,,,,,,,,,,
1002,962,L,,,,,,,,,,,,,,,,,,,,,,,,,
1003,963,G,,,,,,,,,,,,,,,,,,,,,,,,,
1004,964,L,,,,,,,,,,,,,,,,,,,,,,,,,
1005,965,A,T,,,,,,,,,,,,,COSMIC,,,"hg38,11:46417956-46417956","hg38,11:g.46417956C>T",0.410,"upper_aerodigestive_tract, head_neck","carcinoma, squamous_cell_carcinoma",,,,
1006,966,Y,,,,,,,,,,,,,,,,,,,,,,,,,
1007,967,G,,,,,,,,,,,,,,,,,,,,,,,,,
1008,968,T,,,,,,,,,,,,,,,,,,,,,,,,,
1009,969,N,,,,,,,,,,,,,,,,,,,,,,,,,
1010,970,K,,,,,,,,,,,,,,,,,,,,,,,,,
1011,971,G,,,,,,,,,,,,,,,,,,,,,,,,,
1012,972,D,,,,,,,,,,,,,,,,,,,,,,,,,
1013,973,L,,,,,,,,,,,,,,,,,,,,,,,,,
1014,974,V,,,,,,,,,,,,,,,,,,,,,,,,,
1015,975,I,,,,,,,,,,,,,,,,,,,,,,,,,
1016,976,C,,,,,,,,,,,,,,,,,,,,,,,,,
1017,977,R,,,,,,,,,,,,,,,,,,,,,,,,,
1018,978,P,,,,,,,,,,,,,,,,,,,,,,,,,
1019,979,E,,,,,,,,,,,,,,,,,,,,,,,,,
1020,980,A,D,,,,,,,,,,,,,COSMIC,,,"hg38,11:46410366-46410366","hg38,11:g.46410366G>T",0.478,liver,"other, neoplasm",,,,
1021,981,L,,,,,,,,,,,,,,,,,,,,,,,,,
1022,982,N,,,,,,,,,,,,,,,,,,,,,,,,,
1023,983,S,,,,,,,,,,,,,,,,,,,,,,,,,
1024,984,G,,,,,,,,,,,,,,,,,,,,,,,,,
1025,985,V,,,,,,,,,,,,,,,,,,,,,,,,,
1026,986,E,,,,,,,,,,,,,,,,,,,,,,,,,
1027,987,Y,,,,,,,,,,,,,,,,,,,,,,,,,
1028,988,Y,,,,,,,,,,,,,,,,,,,,,,,,,
1029,989,W,C,,,,,,,,,,,,,COSMIC,,,"hg38,11:46410338-46410338","hg38,11:g.46410338C>A",0.489,skin,malignant_melanoma,,,,
1030,989,W,L,,,,,,,,,,,,,COSMIC,,,"hg38,11:46410339-46410339","hg38,11:g.46410339C>A",0.427,lung,"carcinoma, adenocarcinoma",,,,
1031,990,D,G,,,,,,,,,,,,,COSMIC,,,"hg38,11:46410336-46410336","hg38,11:g.46410336T>C",0.375,lung,"carcinoma, squamous_cell_carcinoma",,,,
1032,991,Q,,,,,,,,,,,,,,,,,,,,,,,,,
1033,992,L,,,,,,,,,,,,,,,,,,,,,,,,,
1034,993,N,,,,,,,,,,,,,,,,,,,,,,,,,
1035,994,E,,,,,,,,,,,,,,,,,,,,,,,,,
1036,995,T,M,,,,,,,,,,,,,COSMIC,,,"hg38,11:46410321-46410321","hg38,11:g.46410321G>A",0.199,"skin, mucosal, anorectal",malignant_melanoma,,,,
1037,996,V,,,,,,,,,,,,,,,,,,,,,,,,,
1038,997,F,,,,,,,,,,,,,,,,,,,,,,,,,
1039,998,T,,,,,,,,,,,,,,,,,,,,,,,,,
1040,999,V,,,,,,,,,,,,,,,,,,,,,,,,,
1041,1000,H,,,,,,,,,,,,,,,,,,,,,,,,,
1042,1001,S,,,,,,,,,,,,,,,,,,,,,,,,,
1043,1002,N,,,,,,,,,,,,,,,,,,,,,,,,,
1044,1003,S,N,,,,,,,,,,,,,COSMIC,,,"hg38,11:46410297-46410297","hg38,11:g.46410297C>T",0.128,"skin, head_neck","malignant_melanoma, superficial_spreading",,,,
1045,1004,R,,,,,,,,,,,,,,,,,,,,,,,,,
1046,1005,S,,,,,,,,,,,,,,,,,,,,,,,,,
1047,1006,S,,,,,,,,,,,,,,,,,,,,,,,,,
1048,1007,E,,,,,,,,,,,,,,,,,,,,,,,,,
1049,1008,R,W,,,,,,,,,,,,,COSMIC,,,"hg38,11:46410283-46410283","hg38,11:g.46410283G>A",0.399,large_intestine,"carcinoma, adenocarcinoma",,,,
1050,1009,P,,,,,,,,,,,,,,,,,,,,,,,,,
1051,1010,G,,,,,,,,,,,,,,,,,,,,,,,,,
1052,1011,T,,,,,,,,,,,,,,,,,,,,,,,,,
1053,1012,S,N,,,,,,,,,,,,,COSMIC,,,"hg38,11:46408701-46408701","hg38,11:g.46408701C>T",0.128,lung,"carcinoma, small_cell_carcinoma",,,,
1054,1013,R,,,,,,,,,,,,,,,,,,,,,,,,,
1055,1014,A,,,,,,,,,,,,,,,,,,,,,,,,,
1056,1015,T,,,,,,,,,,,,,,,,,,,,,,,,,
1057,1016,W,,,,,,,,,,,,,,,,,,,,,,,,,
1058,1017,R,,,,,,,,,,,,,,,,,,,,,,,,,
1059,1018,T,,,,,,,,,,,,,,,,,,,,,,,,,
1060,1019,D,,,,,,,,,,,,,,,,,,,,,,,,,
1061,1020,R,,,,,,,,,,,,,,,,,,,,,,,,,
1062,1021,D,,,,,,,,,,,,,,,,,,,,,,,,,
1063,1022,M,,,,,,,,,,,,,,,,,,,,,,,,,
1064,1023,G,W,,,,,,,,,,,,,COSMIC,,,"hg38,11:46408669-46408669","hg38,11:g.46408669C>A",0.702,skin,malignant_melanoma,,,,
1065,1024,L,,,,,,,,,,,,,,,,,,,,,,,,,
1066,1025,M,,,,,,,,,,,,,,,,,,,,,,,,,
1067,1026,N,,,,,,,,,,,,,,,,,,,,,,,,,
1068,1027,A,V,,,,,,,,,,,,,COSMIC,,,"hg38,11:46408656-46408656","hg38,11:g.46408656G>A",0.419,stomach,"carcinoma, adenocarcinoma",,,,
1069,1028,I,,,,,,,,,,,,,,,,,,,,,,,,,
1070,1029,G,,,,,,,,,,,,,,,,,,,,,,,,,
1071,1030,L,F,,,,,,,,,,,,,COSMIC,,,"hg38,11:46408648-46408648","hg38,11:g.46408648G>A",0.535,breast,carcinoma,,,,
1072,1031,Q,,,,,,,,,,,,,,,,,,,,,,,,,
1073,1032,P,,,,,,,,,,,,,,,,,,,,,,,,,
1074,1033,R,Q,,,,,,,,,,,,,COSMIC,,,"hg38,11:46408638-46408638","hg38,11:g.46408638C>T",0.085,"skin, ear","carcinoma, squamous_cell_carcinoma",,,,
1075,1033,R,W,,,,,,,,,,,,,COSMIC,,,"hg38,11:46408639-46408639","hg38,11:g.46408639G>A",0.413,liver,"other, neoplasm",,,,
1076,1034,N,,,,,,,,,,,,,,,,,,,,,,,,,
1077,1035,P,S,,,,,,,,,,,,,COSMIC,,,"hg38,11:46408633-46408633","hg38,11:g.46408633G>A",0.426,"haematopoietic_and_lymphoid_tissue, mediastinum","lymphoid_neoplasm, primary_mediastinal_diffuse_large_B_cell_lymphoma",,,,
1078,1036,A,,,,,,,,,,,,,,,,,,,,,,,,,
1079,1037,T,,,,,,,,,,,,,,,,,,,,,,,,,
1080,1038,S,,,,,,,,,,,,,,,,,,,,,,,,,
1081,1039,V,,,,,,,,,,,,,,,,,,,,,,,,,
1082,1040,T,,,,,,,,,,,,,,,,,,,,,,,,,
1083,1041,S,,,,,,,,,,,,,,,,,,,,,,,,,
1084,1042,Q,P,,,,,,,,,,,,,COSMIC,,,"hg38,11:46408611-46408611","hg38,11:g.46408611T>G",0.433,parathyroid,carcinoma,,,,
1085,1043,G,,,,,,,,,,,,,,,,,,,,,,,,,
1086,1044,T,,,,,,,,,,,,,,,,,,,,,,,,,
1087,1045,Q,,,,,,,,,,,,,,,,,,,,,,,,,
1088,1046,T,,,,,,,,,,,,,,,,,,,,,,,,,
1089,1047,L,,,,,,,,,,,,,,,,,,,,,,,,,
1090,1048,A,,,,,,,,,,,,,,,,,,,,,,,,,
1091,1049,L,,,,,,,,,,,,,,,,,,,,,,,,,
1092,1050,Q,,,,,,,,,,,,,,,,,,,,,,,,,
1093,1051,L,,,,,,,,,,,,,,,,,,,,,,,,,
1094,1052,Q,,,,,,,,,,,,,,,,,,,,,,,,,
1095,1053,N,,,,,,,,,,,,,,,,,,,,,,,,,
1096,1054,A,,,,,,,,,,,,,,,,,,,,,,,,,
1097,1055,E,,,,,,,,,,,,,,,,,,,,,,,,,
1098,1056,T,,,,,,,,,,,,,,,,,,,,,,,,,
1099,1057,Q,K,,,,,,,,,,,,,COSMIC,,,"hg38,11:46408567-46408567","hg38,11:g.46408567G>T",0.422,liver,"other, neoplasm",,,,
1100,1058,T,I,,,,,,,,,,,,,COSMIC,,,"hg38,11:46408563-46408563","hg38,11:g.46408563G>A",0.427,"large_intestine, large_intestine, colon","carcinoma, adenocarcinoma",,,,
1101,1059,E,Q,,,,,,,,,,,,,COSMIC,,,"hg38,11:46408561-46408561","hg38,11:g.46408561C>G",0.312,lung,"carcinoma, adenocarcinoma",,,,
1102,1060,R,,,,,,,,,,,,,,,,,,,,,,,,,
1103,1061,E,,,,,,,,,,,,,,,,,,,,,,,,,
1104,1062,V,M,,,,,,,,,,,,,COSMIC,,,"hg38,11:46408552-46408552","hg38,11:g.46408552C>T",0.092,large_intestine,"carcinoma, adenocarcinoma",,,,
1105,1063,P,S,,,,,,,,,,,,,COSMIC,,,"hg38,11:46408549-46408549","hg38,11:g.46408549G>A",0.080,"skin, head_neck","carcinoma, squamous_cell_carcinoma",,,,
1106,1064,E,D,,,,,,,,,,,,,COSMIC,,,"hg38,11:46408544-46408544","hg38,11:g.46408544C>A",0.290,"lung, middle_lobe","carcinoma, adenocarcinoma",,,,
1107,1065,P,L,,,,,,,,,,,,,COSMIC,,,"hg38,11:46408542-46408542","hg38,11:g.46408542G>A",0.068,"skin, skin, lower_leg",malignant_melanoma,,,,
1108,1066,G,,,,,,,,,,,,,,,,,,,,,,,,,
1109,1067,T,,,,,,,,,,,,,,,,,,,,,,,,,
1110,1068,A,,,,,,,,,,,,,,,,,,,,,,,,,
1111,1069,A,,,,,,,,,,,,,,,,,,,,,,,,,
1112,1070,S,,,,,,,,,,,,,,,,,,,,,,,,,
1113,1071,G,,,,,,,,,,,,,,,,,,,,,,,,,
1114,1072,P,L,,,,,,,,,,,,,COSMIC,,,"hg38,11:46408521-46408521","hg38,11:g.46408521G>A",0.113,"skin, head_neck","carcinoma, squamous_cell_carcinoma",,,,
1115,1073,G,D,,,,,,,,,,,,,COSMIC,,,"hg38,11:46408518-46408518","hg38,11:g.46408518C>T",0.098,skin,"malignant_melanoma, nodular",,,,
1116,1074,E,,,,,,,,,,,,,,,,,,,,,,,,,
1117,1075,G,,,,,,,,,,,,,,,,,,,,,,,,,
1118,1076,E,K,,,,,,,,,,,,,COSMIC,,,"hg38,11:46397941-46397941","hg38,11:g.46397941C>T",0.176,large_intestine,"carcinoma, adenocarcinoma",,,,
1119,1077,G,,,,,,,,,,,,,,,,,,,,,,,,,
1120,1078,S,,,,,,,,,,,,,,,,,,,,,,,,,
1121,1079,E,,,,,,,,,,,,,,,,,,,,,,,,,
1122,1080,Y,C,,,,,,,,,,,,,COSMIC,,,"hg38,11:46397928-46397928","hg38,11:g.46397928T>C",0.194,large_intestine,"carcinoma, adenocarcinoma",,,,
1123,1081,G,C,,,,,,,,,,,,,COSMIC,,,"hg38,11:46397926-46397926","hg38,11:g.46397926C>A",0.297,skin,malignant_melanoma,,,,
1124,1082,A,V,,,,,,,,,,,,,COSMIC,,,"hg38,11:46397922-46397922","hg38,11:g.46397922G>A",0.105,liver,"other, neoplasm",,,,
1125,1083,S,C,,,,,,,,,,,,,COSMIC,,,"hg38,11:46397920-46397920","hg38,11:g.46397920T>A",0.210,kidney,"carcinoma, papillary_renal_cell_carcinoma",,,,
1126,1084,G,,,,,,,,,,,,,,,,,,,,,,,,,
1127,1085,E,,,,,,,,,,,,,,,,,,,,,,,,,
1128,1086,D,,,,,,,,,,,,,,,,,,,,,,,,,
1129,1087,A,,,,,,,,,,,,,,,,,,,,,,,,,
1130,1088,L,,,,,,,,,,,,,,,,,,,,,,,,,
1131,1089,S,,,,,,,,,,,,,,,,,,,,,,,,,
1132,1090,R,,,,,,,,,,,,,,,,,,,,,,,,,
1133,1091,I,,,,,,,,,,,,,,,,,,,,,,,,,
1134,1092,Q,,,,,,,,,,,,,,,,,,,,,,,,,
1135,1093,R,,,,,,,,,,,,,,,,,,,,,,,,,
1136,1094,L,,,,,,,,,,,,,,,,,,,,,,,,,
1137,1095,M,,,,,,,,,,,,,,,,,,,,,,,,,
1138,1096,A,,,,,,,,,,,,,,,,,,,,,,,,,
1139,1097,E,G,,,,,,,,,,,,,COSMIC,,,"hg38,11:46397877-46397877","hg38,11:g.46397877T>C",0.441,stomach,"carcinoma, adenocarcinoma",,,,
1140,1098,G,,,,,,,,,,,,,,,,,,,,,,,,,
1141,1099,G,S,,,,,,,,,,,,,COSMIC,,,"hg38,11:46397872-46397872","hg38,11:g.46397872C>T",0.718,stomach,carcinoma,,,,
1142,1100,M,,,,,,,,,,,,,,,,,,,,,,,,,
1143,1101,T,,,,,,,,,,,,,,,,,,,,,,,,,
1144,1102,A,,,,,,,,,,,,,,,,,,,,,,,,,
1145,1103,V,M,,,,,,,,,,,,,COSMIC,,,"hg38,11:46397860-46397860","hg38,11:g.46397860C>T",0.434,"large_intestine, colon, descending","carcinoma, adenocarcinoma",,,,
1146,1104,V,,,,,,,,,,,,,,,,,,,,,,,,,
1147,1105,Q,,,,,,,,,,,,,,,,,,,,,,,,,
1148,1106,R,L,,,,,,,,,,,,,COSMIC,,,"hg38,11:46397850-46397850","hg38,11:g.46397850C>A",0.623,skin,malignant_melanoma,,,,
1149,1107,E,,,,,,,,,,,,,,,,,,,,,,,,,
1150,1108,Q,,,,,,,,,,,,,,,,,,,,,,,,,
1151,1109,S,,,,,,,,,,,,,,,,,,,,,,,,,
1152,1110,T,,,,,,,,,,,,,,,,,,,,,,,,,
1153,1111,T,N,,,,,,,,,,,,,COSMIC,,,"hg38,11:46397835-46397835","hg38,11:g.46397835G>T",0.335,liver,carcinoma,,,,
1154,1112,M,,,,,,,,,,,,,,,,,,,,,,,,,
1155,1113,A,,,,,,,,,,,,,,,,,,,,,,,,,
1156,1114,S,,,,,,,,,,,,,,,,,,,,,,,,,
1157,1115,M,,,,,,,,,,,,,,,,,,,,,,,,,
1158,1116,G,,,,,,,,,,,,,,,,,,,,,,,,,
1159,1117,G,,,,,,,,,,,,,,,,,,,,,,,,,
1160,1118,F,,,,,,,,,,,,,,,,,,,,,,,,,
1161,1119,G,S,,,,,,,,,,,,,COSMIC,,,"hg38,11:46397812-46397812","hg38,11:g.46397812C>T",0.580,stomach,"carcinoma, adenocarcinoma",,,,
1162,1120,N,,,,,,,,,,,,,,,,,,,,,,,,,
1163,1121,N,,,,,,,,,,,,,,,,,,,,,,,,,
1164,1122,I,,,,,,,,,,,,,,,,,,,,,,,,,
1165,1123,I,,,,,,,,,,,,,,,,,,,,,,,,,
1166,1124,V,,,,,,,,,,,,,,,,,,,,,,,,,
1167,1125,S,N,,,,,,,,,,,,,COSMIC,,,"hg38,11:46397793-46397793","hg38,11:g.46397793C>T",0.399,skin,malignant_melanoma,,,,
1168,1126,H,,,,,,,,,,,,,,,,,,,,,,,,,
1169,1127,R,H,,,,,,,,,,,,,COSMIC,,,"hg38,11:46397787-46397787","hg38,11:g.46397787C>T",0.508,stomach,carcinoma,,,,
1170,1128,I,,,,,,,,,,,,,,,,,,,,,,,,,
1171,1129,H,,,,,,,,,,,,,,,,,,,,,,,,,
1172,1130,R,,,,,,,,,,,,,,,,,,,,,,,,,
1173,1131,S,,,,,,,,,,,,,,,,,,,,,,,,,
1174,1132,S,,,,,,,,,,,,,,,,,,,,,,,,,
1175,1133,Q,E,,,,,,,,,,,,,COSMIC,,,"hg38,11:46397770-46397770","hg38,11:g.46397770G>C",0.392,breast,"carcinoma, ductal_carcinoma",,,,
1176,1134,T,M,,,,,,,,,,,,,COSMIC,,,"hg38,11:46397766-46397766","hg38,11:g.46397766G>A",0.437,"large_intestine, caecum, stomach","carcinoma, adenocarcinoma",,,,
1177,1135,G,,,,,,,,,,,,,,,,,,,,,,,,,
1178,1136,T,,,,,,,,,,,,,,,,,,,,,,,,,
1179,1137,E,,,,,,,,,,,,,,,,,,,,,,,,,
1180,1138,P,,,,,,,,,,,,,,,,,,,,,,,,,
1181,1139,G,,,,,,,,,,,,,,,,,,,,,,,,,
1182,1140,A,S,,,,,,,,,,,,,COSMIC,,,"hg38,11:46397749-46397749","hg38,11:g.46397749C>A",0.113,lung,"carcinoma, adenocarcinoma",,,,
1183,1141,A,,,,,,,,,,,,,,,,,,,,,,,,,
1184,1142,H,,,,,,,,,,,,,,,,,,,,,,,,,
1185,1143,T,N,,,,,,,,,,,,,COSMIC,,,"hg38,11:46397739-46397739","hg38,11:g.46397739G>T",0.100,breast,carcinoma,,,,
1186,1144,S,F,,,,,,,,,,,,,COSMIC,,,"hg38,11:46397736-46397736","hg38,11:g.46397736G>A",0.074,skin,malignant_melanoma,,,,
1187,1145,S,,,,,,,,,,,,,,,,,,,,,,,,,
1188,1146,P,,,,,,,,,,,,,,,,,,,,,,,,,
1189,1147,Q,R,,,,,,,,,,,,,COSMIC,,,"hg38,11:46397727-46397727","hg38,11:g.46397727T>C",0.150,"large_intestine, colon, sigmoid","carcinoma, adenocarcinoma",,,,
1190,1148,P,,,,,,,,,,,,,,,,,,,,,,,,,
1191,1149,S,,,,,,,,,,,,,,,,,,,,,,,,,
1192,1150,T,,,,,,,,,,,,,,,,,,,,,,,,,
1193,1151,S,,,,,,,,,,,,,,,,,,,,,,,,,
1194,1152,R,,,,,,,,,,,,,,,,,,,,,,,,,
1195,1153,G,,,,,,,,,,,,,,,,,,,,,,,,,
1196,1154,L,,,,,,,,,,,,,,,,,,,,,,,,,
1197,1155,L,,,,,,,,,,,,,,,,,,,,,,,,,
1198,1156,P,,,,,,,,,,,,,,,,,,,,,,,,,
1199,1157,E,D,,,,,,,,,,,,,COSMIC,,,"hg38,11:46397696-46397696","hg38,11:g.46397696C>A",0.177,"large_intestine, large_intestine, colon, upper_aerodigestive_tract, head_neck","carcinoma, carcinoma, adenocarcinoma, carcinoma, squamous_cell_carcinoma",,,,
1200,1158,A,,,,,,,,,,,,,,,,,,,,,,,,,
1201,1159,G,E,,,,,,,,,,,,,COSMIC,,,"hg38,11:46397691-46397691","hg38,11:g.46397691C>T",0.055,"large_intestine, rectum","carcinoma, adenocarcinoma",,,,
1202,1159,G,R,,,,,,,,,,,,,COSMIC,,,"hg38,11:46397692-46397692","hg38,11:g.46397692C>T",0.096,"large_intestine, rectum","carcinoma, adenocarcinoma",,,,
1203,1159,G,W,,,,,,,,,,,,,COSMIC,,,"hg38,11:46397692-46397692","hg38,11:g.46397692C>A",0.147,kidney,"carcinoma, papillary_renal_cell_carcinoma",,,,
1204,1160,Q,,,,,,,,,,,,,,,,,,,,,,,,,
1205,1161,L,,,,,,,,,,,,,,,,,,,,,,,,,
1206,1162,A,,,,,,,,,,,,,,,,,,,,,,,,,
1207,1163,E,G,,,,,,,,,,,,,COSMIC,,,"hg38,11:46397679-46397679","hg38,11:g.46397679T>C",0.378,oesophagus,"carcinoma, adenocarcinoma",,,,
1208,1164,R,Q,,,,,,,,,,,,,COSMIC,,,"hg38,11:46397676-46397676","hg38,11:g.46397676C>T",0.127,cervix,"carcinoma, squamous_cell_carcinoma",,,,
1209,1165,G,,,,,,,,,,,,,,,,,,,,,,,,,
1210,1166,L,,,,,,,,,,,,,,,,,,,,,,,,,
1211,1167,S,,,,,,,,,,,,,,,,,,,,,,,,,
1212,1168,P,,,,,,,,,,,,,,,,,,,,,,,,,
1213,1169,R,,,,,,,,,,,,,,,,,,,,,,,,,
1214,1170,T,,,,,,,,,,,,,,,,,,,,,,,,,
1215,1171,A,P,,,,,,,,,,,,,COSMIC,,,"hg38,11:46397656-46397656","hg38,11:g.46397656C>G",0.237,breast,carcinoma,,,,
1216,1172,S,,,,,,,,,,,,,,,,,,,,,,,,,
1217,1173,W,C,,,,,,,,,,,,,COSMIC,,,"hg38,11:46397648-46397648","hg38,11:g.46397648C>A",0.213,lung,"carcinoma, adenocarcinoma",,,,
1218,1174,D,,,,,,,,,,,,,,,,,,,,,,,,,
1219,1175,Q,,,,,,,,,,,,,,,,,,,,,,,,,
1220,1176,P,,,,,,,,,,,,,,,,,,,,,,,,,
1221,1177,G,,,,,,,,,,,,,,,,,,,,,,,,,
1222,1178,T,,,,,,,,,,,,,,,,,,,,,,,,,
1223,1179,P,,,,,,,,,,,,,,,,,,,,,,,,,
1224,1180,G,,,,,,,,,,,,,,,,,,,,,,,,,
1225,1181,R,Q,,,,,,,,,,,,,COSMIC,,,"hg38,11:46397625-46397625","hg38,11:g.46397625C>T",0.059,"large_intestine, large_intestine, rectum","adenoma, tubular, high_grade_dysplasia, carcinoma, adenocarcinoma",,,,
1226,1181,R,W,,,,,,,,,,,,,COSMIC,,,"hg38,11:46397626-46397626","hg38,11:g.46397626G>A",0.212,"central_nervous_system, brain, endometrium, large_intestine, oesophagus, soft_tissue","carcinoma, adenocarcinoma, carcinoma, endometrioid_carcinoma, glioma, primitive_neuroectodermal_tumour-medulloblastoma, sarcoma",,,,
1227,1182,E,,,,,,,,,,,,,,,,,,,,,,,,,
1228,1183,P,,,,,,,,,,,,,,,,,,,,,,,,,
1229,1184,T,,,,,,,,,,,,,,,,,,,,,,,,,
1230,1185,Q,,,,,,,,,,,,,,,,,,,,,,,,,
1231,1186,P,Q,,,,,,,,,,,,,COSMIC,,,"hg38,11:46397610-46397610","hg38,11:g.46397610G>T",0.138,skin,malignant_melanoma,,,,
1232,1187,T,,,,,,,,,,,,,,,,,,,,,,,,,
1233,1188,L,M,,,,,,,,,,,,,COSMIC,,,"hg38,11:46397605-46397605","hg38,11:g.46397605G>T",0.233,skin,malignant_melanoma,,,,
1234,1189,P,,,,,,,,,,,,,,,,,,,,,,,,,
1235,1190,S,Y,,,,,,,,,,,,,COSMIC,,,"hg38,11:46397598-46397598","hg38,11:g.46397598G>T",0.092,lung,"carcinoma, squamous_cell_carcinoma",,,,
1236,1191,S,F,,,,,,,,,,,,,COSMIC,,,"hg38,11:46397595-46397595","hg38,11:g.46397595G>A",0.244,"skin, trunk","malignant_melanoma, desmoplastic",,,,
1237,1192,S,F,,,,,,,,,,,,,COSMIC,,,"hg38,11:46397592-46397592","hg38,11:g.46397592G>A",0.187,"skin, head_neck, skin, upper_arm","carcinoma, squamous_cell_carcinoma, malignant_melanoma, desmoplastic",,,,
1238,1193,P,,,,,,,,,,,,,,,,,,,,,,,,,
1239,1194,V,,,,,,,,,,,,,,,,,,,,,,,,,
1240,1195,P,S,,,,,,,,,,,,,COSMIC,,,"hg38,11:46397584-46397584","hg38,11:g.46397584G>A",0.059,"skin, head_neck","carcinoma, squamous_cell_carcinoma",,,,
1241,1196,I,,,,,,,,,,,,,,,,,,,,,,,,,
1242,1197,P,,,,,,,,,,,,,,,,,,,,,,,,,
1243,1198,V,,,,,,,,,,,,,,,,,,,,,,,,,
1244,1199,S,,,,,,,,,,,,,,,,,,,,,,,,,
1245,1200,L,,,,,,,,,,,,,,,,,,,,,,,,,
1246,1201,P,L,,,,,,,,,,,,,COSMIC,,,"hg38,11:46397565-46397565","hg38,11:g.46397565G>A",0.079,"endometrium, lung","carcinoma, endometrioid_carcinoma, carcinoma, squamous_cell_carcinoma",,,,
1247,1202,S,G,,,,,,,,,,,,,COSMIC,,,"hg38,11:46397563-46397563","hg38,11:g.46397563T>C",0.089,"large_intestine, colon, transverse","carcinoma, adenocarcinoma",,,,
1248,1203,A,P,,,,,,,,,,,,,COSMIC,,,"hg38,11:46397560-46397560","hg38,11:g.46397560C>G",0.166,lung,"carcinoma, squamous_cell_carcinoma",,,,
1249,1204,E,,,,,,,,,,,,,,,,,,,,,,,,,
1250,1205,G,,,,,,,,,,,,,,,,,,,,,,,,,
1251,1206,P,L,,,,,,,,,,,,,COSMIC,,,"hg38,11:46397550-46397550","hg38,11:g.46397550G>A",0.445,"biliary_tract, gallbladder","carcinoma, small_cell_carcinoma",,,,
1252,1207,T,,,,,,,,,,,,,,,,,,,,,,,,,
1253,1208,L,,,,,,,,,,,,,,,,,,,,,,,,,
1254,1209,H,,,,,,,,,,,,,,,,,,,,,,,,,
1255,1210,C,,,,,,,,,,,,,,,,,,,,,,,,,
1256,1211,E,,,,,,,,,,,,,,,,,,,,,,,,,
1257,1212,L,,,,,,,,,,,,,,,,,,,,,,,,,
1258,1213,T,,,,,,,,,,,,,,,,,,,,,,,,,
1259,1214,N,,,,,,,,,,,,,,,,,,,,,,,,,
1260,1215,N,D,,,,,,,,,,,,,COSMIC,,,"hg38,11:46397524-46397524","hg38,11:g.46397524T>C",0.127,skin,malignant_melanoma,,,,
1261,1216,N,,,,,,,,,,,,,,,,,,,,,,,,,
1262,1217,H,,,,,,,,,,,,,,,,,,,,,,,,,
1263,1218,L,,,,,,,,,,,,,,,,,,,,,,,,,
1264,1219,L,,,,,,,,,,,,,,,,,,,,,,,,,
1265,1220,D,,,,,,,,,,,,,,,,,,,,,,,,,
1266,1221,G,,,,,,,,,,,,,,,,,,,,,,,,,
1267,1222,G,,,,,,,,,,,,,,,,,,,,,,,,,
1268,1223,S,,,,,,,,,,,,,,,,,,,,,,,,,
1269,1224,S,N,,,,,,,,,,,,,COSMIC,,,"hg38,11:46397496-46397496","hg38,11:g.46397496C>T",0.090,endometrium,"carcinoma, endometrioid_carcinoma",,,,
1270,1225,R,,,,,,,,,,,,,,,,,,,,,,,,,
1271,1226,G,,,,,,,,,,,,,,,,,,,,,,,,,
1272,1227,D,G,,,,,,,,,,,,,COSMIC,,,"hg38,11:46397487-46397487","hg38,11:g.46397487T>C",0.172,haematopoietic_and_lymphoid_tissue,"lymphoid_neoplasm, diffuse_large_B_cell_lymphoma",,,,
1273,1228,A,,,,,,,,,,,,,,,,,,,,,,,,,
1274,1229,A,,,,,,,,,,,,,,,,,,,,,,,,,
1275,1230,G,,,,,,,,,,,,,,,,,,,,,,,,,
1276,1231,P,,,,,,,,,,,,,,,,,,,,,,,,,
1277,1232,R,K,,,,,,,,,,,,,COSMIC,,,"hg38,11:46397472-46397472","hg38,11:g.46397472C>T",0.109,endometrium,"carcinoma, endometrioid_carcinoma",,,,
1278,1233,G,,,,,,,,,,,,,,,,,,,,,,,,,
1279,1234,E,,,,,,,,,,,,,,,,,,,,,,,,,
1280,1235,P,,,,,,,,,,,,,,,,,,,,,,,,,
1281,1236,R,,,,,,,,,,,,,,,,,,,,,,,,,
1282,1237,N,K,,,,,,,,,,,,,COSMIC,,,"hg38,11:46397456-46397456","hg38,11:g.46397456G>T",0.135,liver,"other, neoplasm",,,,
1283,1238,R,,,,,,,,,,,,,,,,,,,,,,,,,
